"method","iteration","true_positives","false_positives","false_negatives","precision","recall","f1_score"
"ccmm",1,0,0,4,0,0,0
"ldm",1,0,0,4,0,0,0
"microbvs",1,0,4,4,0,0,0
"medzim",1,0,1,4,0,0,0
"npem",1,0,0,4,0,0,0
"ccmm",2,0,0,4,0,0,0
"ldm",2,0,0,4,0,0,0
"microbvs",2,2,5,2,0.285714285714286,0.5,0.363636363636364
"medzim",2,0,0,4,0,0,0
"npem",2,0,0,4,0,0,0
"ccmm",3,0,1,4,0,0,0
"ldm",3,0,1,4,0,0,0
"microbvs",3,2,8,2,0.2,0.5,0.285714285714286
"medzim",3,0,1,4,0,0,0
"npem",3,0,0,4,0,0,0
"ccmm",4,0,0,4,0,0,0
"ldm",4,0,1,4,0,0,0
"microbvs",4,1,12,3,0.0769230769230769,0.25,0.117647058823529
"medzim",4,0,0,4,0,0,0
"npem",4,0,0,4,0,0,0
"ccmm",5,0,0,4,0,0,0
"ldm",5,0,1,4,0,0,0
"microbvs",5,1,5,3,0.166666666666667,0.25,0.2
"medzim",5,1,0,3,1,0.25,0.4
"npem",5,0,1,4,0,0,0
"ccmm",6,0,0,4,0,0,0
"ldm",6,0,0,4,0,0,0
"microbvs",6,0,4,4,0,0,0
"medzim",6,0,0,4,0,0,0
"npem",6,0,0,4,0,0,0
"ccmm",7,0,0,4,0,0,0
"ldm",7,0,0,4,0,0,0
"microbvs",7,1,3,3,0.25,0.25,0.25
"medzim",7,1,0,3,1,0.25,0.4
"npem",7,0,0,4,0,0,0
"ccmm",8,0,0,4,0,0,0
"ldm",8,0,0,4,0,0,0
"microbvs",8,2,8,2,0.2,0.5,0.285714285714286
"medzim",8,1,0,3,1,0.25,0.4
"npem",8,0,0,4,0,0,0
"ccmm",9,0,0,4,0,0,0
"ldm",9,0,0,4,0,0,0
"microbvs",9,1,3,3,0.25,0.25,0.25
"medzim",9,0,0,4,0,0,0
"npem",9,0,0,4,0,0,0
"ccmm",10,0,0,4,0,0,0
"ldm",10,0,0,4,0,0,0
"microbvs",10,1,4,3,0.2,0.25,0.222222222222222
"medzim",10,0,0,4,0,0,0
"npem",10,0,0,4,0,0,0
"ccmm",11,0,0,4,0,0,0
"ldm",11,0,0,4,0,0,0
"microbvs",11,0,4,4,0,0,0
"medzim",11,0,0,4,0,0,0
"npem",11,0,1,4,0,0,0
"ccmm",12,0,0,4,0,0,0
"ldm",12,0,0,4,0,0,0
"microbvs",12,0,4,4,0,0,0
"medzim",12,0,0,4,0,0,0
"npem",12,0,0,4,0,0,0
"ccmm",13,0,0,4,0,0,0
"ldm",13,0,0,4,0,0,0
"microbvs",13,2,2,2,0.5,0.5,0.5
"medzim",13,0,0,4,0,0,0
"npem",13,0,0,4,0,0,0
"ccmm",14,0,0,4,0,0,0
"ldm",14,0,1,4,0,0,0
"microbvs",14,0,4,4,0,0,0
"medzim",14,0,0,4,0,0,0
"npem",14,0,0,4,0,0,0
"ccmm",15,0,0,4,0,0,0
"ldm",15,0,0,4,0,0,0
"microbvs",15,0,4,4,0,0,0
"medzim",15,0,1,4,0,0,0
"npem",15,0,0,4,0,0,0
"ccmm",16,0,0,4,0,0,0
"ldm",16,0,1,4,0,0,0
"microbvs",16,2,8,2,0.2,0.5,0.285714285714286
"medzim",16,0,0,4,0,0,0
"npem",16,0,0,4,0,0,0
"ccmm",17,1,0,3,1,0.25,0.4
"ldm",17,0,1,4,0,0,0
"hima",17,0,0,4,0,0,0
"microbvs",17,1,4,3,0.2,0.25,0.222222222222222
"medzim",17,0,0,4,0,0,0
"npem",17,0,0,4,0,0,0
"ccmm",18,0,0,4,0,0,0
"ldm",18,0,1,4,0,0,0
"microbvs",18,1,9,3,0.1,0.25,0.142857142857143
"medzim",18,0,1,4,0,0,0
"npem",18,0,0,4,0,0,0
"ccmm",19,0,0,4,0,0,0
"ldm",19,0,0,4,0,0,0
"microbvs",19,2,2,2,0.5,0.5,0.5
"medzim",19,0,0,4,0,0,0
"npem",19,0,0,4,0,0,0
"ccmm",20,0,0,4,0,0,0
"ldm",20,0,0,4,0,0,0
"microbvs",20,1,3,3,0.25,0.25,0.25
"medzim",20,0,0,4,0,0,0
"npem",20,0,0,4,0,0,0
"ccmm",21,0,0,4,0,0,0
"ldm",21,0,0,4,0,0,0
"microbvs",21,0,4,4,0,0,0
"medzim",21,0,0,4,0,0,0
"npem",21,0,0,4,0,0,0
"ccmm",22,0,1,4,0,0,0
"ldm",22,0,0,4,0,0,0
"hima",22,0,0,4,0,0,0
"microbvs",22,3,15,1,0.166666666666667,0.75,0.272727272727273
"medzim",22,0,0,4,0,0,0
"npem",22,0,0,4,0,0,0
"ccmm",23,1,0,3,1,0.25,0.4
"ldm",23,0,0,4,0,0,0
"microbvs",23,3,13,1,0.1875,0.75,0.3
"medzim",23,0,0,4,0,0,0
"npem",23,0,0,4,0,0,0
"ccmm",24,0,0,4,0,0,0
"ldm",24,0,0,4,0,0,0
"microbvs",24,0,4,4,0,0,0
"medzim",24,0,0,4,0,0,0
"npem",24,0,0,4,0,0,0
"ccmm",25,0,1,4,0,0,0
"ldm",25,0,0,4,0,0,0
"hima",25,0,0,4,0,0,0
"microbvs",25,2,6,2,0.25,0.5,0.333333333333333
"medzim",25,0,0,4,0,0,0
"npem",25,0,0,4,0,0,0
"ccmm",26,0,1,4,0,0,0
"ldm",26,0,1,4,0,0,0
"microbvs",26,0,4,4,0,0,0
"medzim",26,0,0,4,0,0,0
"npem",26,0,0,4,0,0,0
"ccmm",27,0,0,4,0,0,0
"ldm",27,0,0,4,0,0,0
"microbvs",27,1,3,3,0.25,0.25,0.25
"medzim",27,0,0,4,0,0,0
"npem",27,0,1,4,0,0,0
"ccmm",28,1,0,3,1,0.25,0.4
"ldm",28,0,0,4,0,0,0
"hima",28,0,0,4,0,0,0
"microbvs",28,0,1,4,0,0,0
"medzim",28,0,1,4,0,0,0
"npem",28,0,0,4,0,0,0
"ccmm",29,0,0,4,0,0,0
"ldm",29,0,0,4,0,0,0
"microbvs",29,0,4,4,0,0,0
"medzim",29,0,0,4,0,0,0
"npem",29,0,0,4,0,0,0
"ccmm",30,0,0,4,0,0,0
"ldm",30,0,0,4,0,0,0
"microbvs",30,2,9,2,0.181818181818182,0.5,0.266666666666667
"medzim",30,0,0,4,0,0,0
"npem",30,0,0,4,0,0,0
"ccmm",31,1,0,3,1,0.25,0.4
"ldm",31,1,0,3,1,0.25,0.4
"microbvs",31,0,4,4,0,0,0
"medzim",31,0,2,4,0,0,0
"npem",31,0,0,4,0,0,0
"ccmm",32,0,0,4,0,0,0
"ldm",32,0,0,4,0,0,0
"microbvs",32,1,3,3,0.25,0.25,0.25
"medzim",32,0,0,4,0,0,0
"npem",32,0,0,4,0,0,0
"ccmm",33,0,0,4,0,0,0
"ldm",33,0,0,4,0,0,0
"microbvs",33,0,4,4,0,0,0
"medzim",33,0,0,4,0,0,0
"npem",33,0,0,4,0,0,0
"ccmm",34,0,0,4,0,0,0
"ldm",34,0,1,4,0,0,0
"microbvs",34,1,3,3,0.25,0.25,0.25
"medzim",34,0,2,4,0,0,0
"npem",34,0,0,4,0,0,0
"ccmm",35,0,0,4,0,0,0
"ldm",35,0,0,4,0,0,0
"microbvs",35,3,8,1,0.272727272727273,0.75,0.4
"medzim",35,0,0,4,0,0,0
"npem",35,0,0,4,0,0,0
"ccmm",36,0,0,4,0,0,0
"ldm",36,0,0,4,0,0,0
"microbvs",36,1,6,3,0.142857142857143,0.25,0.181818181818182
"medzim",36,0,0,4,0,0,0
"npem",36,0,0,4,0,0,0
"ccmm",37,0,0,4,0,0,0
"ldm",37,0,0,4,0,0,0
"hima",37,0,0,4,0,0,0
"microbvs",37,1,3,3,0.25,0.25,0.25
"medzim",37,0,0,4,0,0,0
"npem",37,0,0,4,0,0,0
"ccmm",38,0,0,4,0,0,0
"ldm",38,0,0,4,0,0,0
"microbvs",38,1,5,3,0.166666666666667,0.25,0.2
"medzim",38,0,0,4,0,0,0
"npem",38,0,0,4,0,0,0
"ccmm",39,0,0,4,0,0,0
"ldm",39,0,0,4,0,0,0
"microbvs",39,1,3,3,0.25,0.25,0.25
"medzim",39,0,0,4,0,0,0
"npem",39,0,0,4,0,0,0
"ccmm",40,0,0,4,0,0,0
"ldm",40,0,0,4,0,0,0
"hima",40,0,0,4,0,0,0
"microbvs",40,0,4,4,0,0,0
"medzim",40,0,0,4,0,0,0
"npem",40,0,0,4,0,0,0
"ccmm",41,0,1,4,0,0,0
"ldm",41,0,0,4,0,0,0
"hima",41,0,0,4,0,0,0
"microbvs",41,1,3,3,0.25,0.25,0.25
"medzim",41,0,0,4,0,0,0
"npem",41,0,0,4,0,0,0
"ccmm",42,0,0,4,0,0,0
"ldm",42,0,0,4,0,0,0
"microbvs",42,3,7,1,0.3,0.75,0.428571428571428
"medzim",42,0,0,4,0,0,0
"npem",42,0,1,4,0,0,0
"ccmm",43,1,0,3,1,0.25,0.4
"ldm",43,0,0,4,0,0,0
"hima",43,0,0,4,0,0,0
"microbvs",43,1,10,3,0.0909090909090909,0.25,0.133333333333333
"medzim",43,0,0,4,0,0,0
"npem",43,0,0,4,0,0,0
"ccmm",44,0,0,4,0,0,0
"ldm",44,0,0,4,0,0,0
"microbvs",44,2,2,2,0.5,0.5,0.5
"medzim",44,0,0,4,0,0,0
"npem",44,0,0,4,0,0,0
"ccmm",45,0,0,4,0,0,0
"ldm",45,0,0,4,0,0,0
"microbvs",45,0,4,4,0,0,0
"medzim",45,0,0,4,0,0,0
"npem",45,0,0,4,0,0,0
"ccmm",46,0,0,4,0,0,0
"ldm",46,0,1,4,0,0,0
"microbvs",46,0,4,4,0,0,0
"medzim",46,0,0,4,0,0,0
"npem",46,0,0,4,0,0,0
"ccmm",47,0,0,4,0,0,0
"ldm",47,0,0,4,0,0,0
"microbvs",47,2,2,2,0.5,0.5,0.5
"medzim",47,0,0,4,0,0,0
"npem",47,0,0,4,0,0,0
"ccmm",48,0,0,4,0,0,0
"ldm",48,0,0,4,0,0,0
"microbvs",48,2,5,2,0.285714285714286,0.5,0.363636363636364
"medzim",48,0,0,4,0,0,0
"npem",48,0,0,4,0,0,0
"ccmm",49,0,0,4,0,0,0
"ldm",49,0,2,4,0,0,0
"microbvs",49,2,2,2,0.5,0.5,0.5
"medzim",49,0,0,4,0,0,0
"npem",49,0,0,4,0,0,0
"ccmm",50,0,0,4,0,0,0
"ldm",50,0,0,4,0,0,0
"microbvs",50,0,4,4,0,0,0
"medzim",50,0,0,4,0,0,0
"npem",50,0,0,4,0,0,0
"ccmm",51,0,0,4,0,0,0
"ldm",51,0,0,4,0,0,0
"microbvs",51,0,9,4,0,0,0
"medzim",51,1,0,3,1,0.25,0.4
"npem",51,0,0,4,0,0,0
"ccmm",52,1,0,3,1,0.25,0.4
"ldm",52,0,0,4,0,0,0
"hima",52,0,0,4,0,0,0
"microbvs",52,1,8,3,0.111111111111111,0.25,0.153846153846154
"medzim",52,0,0,4,0,0,0
"npem",52,0,0,4,0,0,0
"ccmm",53,0,0,4,0,0,0
"ldm",53,0,0,4,0,0,0
"microbvs",53,1,3,3,0.25,0.25,0.25
"medzim",53,0,0,4,0,0,0
"npem",53,0,0,4,0,0,0
"ccmm",54,0,0,4,0,0,0
"ldm",54,0,0,4,0,0,0
"microbvs",54,0,8,4,0,0,0
"medzim",54,0,1,4,0,0,0
"npem",54,0,0,4,0,0,0
"ccmm",55,0,0,4,0,0,0
"ldm",55,0,0,4,0,0,0
"microbvs",55,0,1,4,0,0,0
"medzim",55,0,0,4,0,0,0
"npem",55,0,0,4,0,0,0
"ccmm",56,0,0,4,0,0,0
"ldm",56,0,0,4,0,0,0
"microbvs",56,3,7,1,0.3,0.75,0.428571428571428
"medzim",56,0,0,4,0,0,0
"npem",56,0,0,4,0,0,0
"ccmm",57,0,0,4,0,0,0
"ldm",57,0,1,4,0,0,0
"hima",57,0,0,4,0,0,0
"microbvs",57,0,1,4,0,0,0
"medzim",57,0,1,4,0,0,0
"npem",57,0,0,4,0,0,0
"ccmm",58,0,0,4,0,0,0
"ldm",58,0,0,4,0,0,0
"hima",58,0,0,4,0,0,0
"microbvs",58,1,9,3,0.1,0.25,0.142857142857143
"medzim",58,0,0,4,0,0,0
"npem",58,0,1,4,0,0,0
"ccmm",59,0,0,4,0,0,0
"ldm",59,0,0,4,0,0,0
"microbvs",59,1,3,3,0.25,0.25,0.25
"medzim",59,0,0,4,0,0,0
"npem",59,0,0,4,0,0,0
"ccmm",60,0,0,4,0,0,0
"ldm",60,0,0,4,0,0,0
"microbvs",60,2,2,2,0.5,0.5,0.5
"medzim",60,0,0,4,0,0,0
"npem",60,0,0,4,0,0,0
"ccmm",61,0,0,4,0,0,0
"ldm",61,0,1,4,0,0,0
"microbvs",61,1,3,3,0.25,0.25,0.25
"medzim",61,0,1,4,0,0,0
"npem",61,0,0,4,0,0,0
"ccmm",62,0,1,4,0,0,0
"ldm",62,1,0,3,1,0.25,0.4
"microbvs",62,2,8,2,0.2,0.5,0.285714285714286
"medzim",62,0,0,4,0,0,0
"npem",62,0,0,4,0,0,0
"ccmm",63,0,0,4,0,0,0
"ldm",63,0,0,4,0,0,0
"microbvs",63,1,5,3,0.166666666666667,0.25,0.2
"medzim",63,0,0,4,0,0,0
"npem",63,0,0,4,0,0,0
"ccmm",64,0,0,4,0,0,0
"ldm",64,0,1,4,0,0,0
"microbvs",64,0,4,4,0,0,0
"medzim",64,0,1,4,0,0,0
"npem",64,0,0,4,0,0,0
"ccmm",65,0,1,4,0,0,0
"ldm",65,0,0,4,0,0,0
"hima",65,0,0,4,0,0,0
"microbvs",65,1,6,3,0.142857142857143,0.25,0.181818181818182
"medzim",65,0,0,4,0,0,0
"npem",65,0,0,4,0,0,0
"ccmm",66,0,0,4,0,0,0
"ldm",66,0,1,4,0,0,0
"microbvs",66,4,14,0,0.222222222222222,1,0.363636363636364
"medzim",66,0,1,4,0,0,0
"npem",66,0,0,4,0,0,0
"ccmm",67,0,0,4,0,0,0
"ldm",67,0,0,4,0,0,0
"microbvs",67,1,3,3,0.25,0.25,0.25
"medzim",67,0,0,4,0,0,0
"npem",67,0,0,4,0,0,0
"ccmm",68,0,0,4,0,0,0
"ldm",68,0,0,4,0,0,0
"microbvs",68,1,3,3,0.25,0.25,0.25
"medzim",68,0,0,4,0,0,0
"npem",68,0,1,4,0,0,0
"ccmm",69,0,1,4,0,0,0
"ldm",69,0,0,4,0,0,0
"microbvs",69,0,4,4,0,0,0
"medzim",69,0,0,4,0,0,0
"npem",69,0,0,4,0,0,0
"ccmm",70,0,0,4,0,0,0
"ldm",70,0,0,4,0,0,0
"microbvs",70,3,6,1,0.333333333333333,0.75,0.461538461538462
"medzim",70,0,0,4,0,0,0
"npem",70,0,0,4,0,0,0
"ccmm",71,0,0,4,0,0,0
"ldm",71,0,0,4,0,0,0
"microbvs",71,2,2,2,0.5,0.5,0.5
"medzim",71,0,0,4,0,0,0
"npem",71,0,0,4,0,0,0
"ccmm",72,0,1,4,0,0,0
"ldm",72,0,0,4,0,0,0
"microbvs",72,1,3,3,0.25,0.25,0.25
"medzim",72,1,0,3,1,0.25,0.4
"npem",72,0,0,4,0,0,0
"ccmm",73,1,0,3,1,0.25,0.4
"ldm",73,0,0,4,0,0,0
"microbvs",73,0,4,4,0,0,0
"medzim",73,0,0,4,0,0,0
"npem",73,0,0,4,0,0,0
"ccmm",74,0,0,4,0,0,0
"ldm",74,1,0,3,1,0.25,0.4
"microbvs",74,0,4,4,0,0,0
"medzim",74,0,1,4,0,0,0
"npem",74,0,0,4,0,0,0
"ccmm",75,0,0,4,0,0,0
"ldm",75,0,0,4,0,0,0
"microbvs",75,2,2,2,0.5,0.5,0.5
"medzim",75,0,0,4,0,0,0
"npem",75,0,0,4,0,0,0
"ccmm",76,0,0,4,0,0,0
"ldm",76,2,0,2,1,0.5,0.666666666666667
"microbvs",76,1,9,3,0.1,0.25,0.142857142857143
"medzim",76,2,0,2,1,0.5,0.666666666666667
"npem",76,0,0,4,0,0,0
"ccmm",77,0,0,4,0,0,0
"ldm",77,0,0,4,0,0,0
"hima",77,0,0,4,0,0,0
"microbvs",77,1,3,3,0.25,0.25,0.25
"medzim",77,0,0,4,0,0,0
"npem",77,0,0,4,0,0,0
"ccmm",78,0,1,4,0,0,0
"ldm",78,0,0,4,0,0,0
"microbvs",78,2,2,2,0.5,0.5,0.5
"medzim",78,1,0,3,1,0.25,0.4
"npem",78,0,0,4,0,0,0
"ccmm",79,0,0,4,0,0,0
"ldm",79,0,0,4,0,0,0
"microbvs",79,0,5,4,0,0,0
"medzim",79,0,0,4,0,0,0
"npem",79,0,2,4,0,0,0
"ccmm",80,1,0,3,1,0.25,0.4
"ldm",80,0,0,4,0,0,0
"hima",80,0,0,4,0,0,0
"microbvs",80,2,9,2,0.181818181818182,0.5,0.266666666666667
"medzim",80,1,1,3,0.5,0.25,0.333333333333333
"npem",80,0,0,4,0,0,0
"ccmm",81,0,0,4,0,0,0
"ldm",81,1,0,3,1,0.25,0.4
"microbvs",81,1,3,3,0.25,0.25,0.25
"medzim",81,0,1,4,0,0,0
"npem",81,0,0,4,0,0,0
"ccmm",82,0,0,4,0,0,0
"ldm",82,0,1,4,0,0,0
"microbvs",82,3,7,1,0.3,0.75,0.428571428571428
"medzim",82,0,0,4,0,0,0
"npem",82,0,0,4,0,0,0
"ccmm",83,0,0,4,0,0,0
"ldm",83,0,0,4,0,0,0
"microbvs",83,1,3,3,0.25,0.25,0.25
"medzim",83,0,0,4,0,0,0
"npem",83,0,0,4,0,0,0
"ccmm",84,0,0,4,0,0,0
"ldm",84,1,0,3,1,0.25,0.4
"microbvs",84,2,10,2,0.166666666666667,0.5,0.25
"medzim",84,0,0,4,0,0,0
"npem",84,0,0,4,0,0,0
"ccmm",85,0,0,4,0,0,0
"ldm",85,0,0,4,0,0,0
"microbvs",85,1,3,3,0.25,0.25,0.25
"medzim",85,0,0,4,0,0,0
"npem",85,0,0,4,0,0,0
"ccmm",86,0,0,4,0,0,0
"ldm",86,0,0,4,0,0,0
"microbvs",86,2,2,2,0.5,0.5,0.5
"medzim",86,0,0,4,0,0,0
"npem",86,0,0,4,0,0,0
"ccmm",87,0,0,4,0,0,0
"ldm",87,0,1,4,0,0,0
"hima",87,0,0,4,0,0,0
"microbvs",87,1,3,3,0.25,0.25,0.25
"medzim",87,0,1,4,0,0,0
"npem",87,0,0,4,0,0,0
"ccmm",88,0,0,4,0,0,0
"ldm",88,0,0,4,0,0,0
"microbvs",88,0,4,4,0,0,0
"medzim",88,1,1,3,0.5,0.25,0.333333333333333
"npem",88,0,0,4,0,0,0
"ccmm",89,0,0,4,0,0,0
"ldm",89,0,0,4,0,0,0
"microbvs",89,0,4,4,0,0,0
"medzim",89,0,0,4,0,0,0
"npem",89,0,0,4,0,0,0
"ccmm",90,1,1,3,0.5,0.25,0.333333333333333
"ldm",90,0,0,4,0,0,0
"hima",90,0,0,4,0,0,0
"microbvs",90,2,2,2,0.5,0.5,0.5
"medzim",90,0,0,4,0,0,0
"npem",90,0,0,4,0,0,0
"ccmm",91,0,0,4,0,0,0
"ldm",91,1,0,3,1,0.25,0.4
"microbvs",91,1,3,3,0.25,0.25,0.25
"medzim",91,0,0,4,0,0,0
"npem",91,0,0,4,0,0,0
"ccmm",92,0,0,4,0,0,0
"ldm",92,0,0,4,0,0,0
"microbvs",92,1,5,3,0.166666666666667,0.25,0.2
"medzim",92,0,0,4,0,0,0
"npem",92,0,0,4,0,0,0
"ccmm",93,0,0,4,0,0,0
"ldm",93,1,0,3,1,0.25,0.4
"microbvs",93,4,16,0,0.2,1,0.333333333333333
"medzim",93,0,0,4,0,0,0
"npem",93,0,0,4,0,0,0
"ccmm",94,0,0,4,0,0,0
"ldm",94,0,1,4,0,0,0
"microbvs",94,4,15,0,0.210526315789474,1,0.347826086956522
"medzim",94,0,1,4,0,0,0
"npem",94,0,0,4,0,0,0
"ccmm",95,0,1,4,0,0,0
"ldm",95,0,0,4,0,0,0
"microbvs",95,1,3,3,0.25,0.25,0.25
"medzim",95,0,0,4,0,0,0
"npem",95,0,0,4,0,0,0
"ccmm",96,0,0,4,0,0,0
"ldm",96,0,0,4,0,0,0
"microbvs",96,0,4,4,0,0,0
"medzim",96,0,0,4,0,0,0
"npem",96,0,0,4,0,0,0
"ccmm",97,0,0,4,0,0,0
"ldm",97,0,0,4,0,0,0
"microbvs",97,3,1,1,0.75,0.75,0.75
"medzim",97,0,0,4,0,0,0
"npem",97,0,0,4,0,0,0
"ccmm",98,0,0,4,0,0,0
"ldm",98,0,0,4,0,0,0
"microbvs",98,1,5,3,0.166666666666667,0.25,0.2
"medzim",98,0,1,4,0,0,0
"npem",98,0,0,4,0,0,0
"ccmm",99,0,0,4,0,0,0
"ldm",99,1,0,3,1,0.25,0.4
"microbvs",99,2,2,2,0.5,0.5,0.5
"medzim",99,0,0,4,0,0,0
"npem",99,0,0,4,0,0,0
"ccmm",100,0,0,4,0,0,0
"ldm",100,0,0,4,0,0,0
"microbvs",100,3,9,1,0.25,0.75,0.375
"medzim",100,0,0,4,0,0,0
"npem",100,0,0,4,0,0,0
"ccmm",101,2,4,2,0.333333333333333,0.5,0.4
"ldm",101,0,1,4,0,0,0
"hima",101,1,0,3,1,0.25,0.4
"microbvs",101,0,4,4,0,0,0
"medzim",101,0,0,4,0,0,0
"npem",101,0,0,4,0,0,0
"ccmm",102,1,2,3,0.333333333333333,0.25,0.285714285714286
"ldm",102,0,0,4,0,0,0
"microbvs",102,3,9,1,0.25,0.75,0.375
"medzim",102,0,0,4,0,0,0
"npem",102,0,0,4,0,0,0
"ccmm",103,0,1,4,0,0,0
"ldm",103,0,1,4,0,0,0
"microbvs",103,2,6,2,0.25,0.5,0.333333333333333
"medzim",103,0,1,4,0,0,0
"npem",103,0,0,4,0,0,0
"ccmm",104,2,1,2,0.666666666666667,0.5,0.571428571428572
"ldm",104,1,0,3,1,0.25,0.4
"hima",104,0,0,4,0,0,0
"microbvs",104,1,3,3,0.25,0.25,0.25
"medzim",104,0,2,4,0,0,0
"npem",104,0,0,4,0,0,0
"ccmm",105,1,1,3,0.5,0.25,0.333333333333333
"ldm",105,0,1,4,0,0,0
"hima",105,0,0,4,0,0,0
"microbvs",105,4,13,0,0.235294117647059,1,0.380952380952381
"medzim",105,0,0,4,0,0,0
"npem",105,0,0,4,0,0,0
"ccmm",106,0,0,4,0,0,0
"ldm",106,0,1,4,0,0,0
"microbvs",106,4,15,0,0.210526315789474,1,0.347826086956522
"medzim",106,0,2,4,0,0,0
"npem",106,0,0,4,0,0,0
"ccmm",107,0,0,4,0,0,0
"ldm",107,0,2,4,0,0,0
"microbvs",107,1,10,3,0.0909090909090909,0.25,0.133333333333333
"medzim",107,0,1,4,0,0,0
"npem",107,0,0,4,0,0,0
"ccmm",108,1,3,3,0.25,0.25,0.25
"ldm",108,2,4,2,0.333333333333333,0.5,0.4
"hima",108,0,0,4,0,0,0
"microbvs",108,3,10,1,0.230769230769231,0.75,0.352941176470588
"medzim",108,2,2,2,0.5,0.5,0.5
"npem",108,0,0,4,0,0,0
"ccmm",109,0,0,4,0,0,0
"ldm",109,1,0,3,1,0.25,0.4
"hima",109,0,0,4,0,0,0
"microbvs",109,1,10,3,0.0909090909090909,0.25,0.133333333333333
"medzim",109,1,0,3,1,0.25,0.4
"npem",109,0,0,4,0,0,0
"ccmm",110,0,0,4,0,0,0
"ldm",110,1,0,3,1,0.25,0.4
"microbvs",110,1,3,3,0.25,0.25,0.25
"medzim",110,1,2,3,0.333333333333333,0.25,0.285714285714286
"npem",110,0,0,4,0,0,0
"ccmm",111,0,2,4,0,0,0
"ldm",111,0,1,4,0,0,0
"hima",111,0,1,4,0,0,0
"microbvs",111,1,8,3,0.111111111111111,0.25,0.153846153846154
"medzim",111,0,4,4,0,0,0
"npem",111,0,0,4,0,0,0
"ccmm",112,1,1,3,0.5,0.25,0.333333333333333
"ldm",112,1,0,3,1,0.25,0.4
"hima",112,0,0,4,0,0,0
"microbvs",112,0,10,4,0,0,0
"medzim",112,0,1,4,0,0,0
"npem",112,0,0,4,0,0,0
"ccmm",113,0,1,4,0,0,0
"ldm",113,0,0,4,0,0,0
"microbvs",113,1,3,3,0.25,0.25,0.25
"medzim",113,0,0,4,0,0,0
"npem",113,0,0,4,0,0,0
"ccmm",114,1,4,3,0.2,0.25,0.222222222222222
"ldm",114,0,2,4,0,0,0
"hima",114,0,1,4,0,0,0
"microbvs",114,2,2,2,0.5,0.5,0.5
"medzim",114,2,0,2,1,0.5,0.666666666666667
"npem",114,0,0,4,0,0,0
"ccmm",115,0,0,4,0,0,0
"ldm",115,0,0,4,0,0,0
"microbvs",115,1,10,3,0.0909090909090909,0.25,0.133333333333333
"medzim",115,0,0,4,0,0,0
"npem",115,0,0,4,0,0,0
"ccmm",116,2,0,2,1,0.5,0.666666666666667
"ldm",116,1,0,3,1,0.25,0.4
"hima",116,0,0,4,0,0,0
"microbvs",116,0,4,4,0,0,0
"medzim",116,0,1,4,0,0,0
"npem",116,0,0,4,0,0,0
"ccmm",117,0,1,4,0,0,0
"ldm",117,0,0,4,0,0,0
"microbvs",117,2,5,2,0.285714285714286,0.5,0.363636363636364
"medzim",117,1,2,3,0.333333333333333,0.25,0.285714285714286
"npem",117,0,0,4,0,0,0
"ccmm",118,0,0,4,0,0,0
"ldm",118,0,1,4,0,0,0
"microbvs",118,3,6,1,0.333333333333333,0.75,0.461538461538462
"medzim",118,0,0,4,0,0,0
"npem",118,0,0,4,0,0,0
"ccmm",119,0,2,4,0,0,0
"ldm",119,2,0,2,1,0.5,0.666666666666667
"hima",119,1,1,3,0.5,0.25,0.333333333333333
"microbvs",119,0,4,4,0,0,0
"medzim",119,2,1,2,0.666666666666667,0.5,0.571428571428572
"npem",119,0,0,4,0,0,0
"ccmm",120,1,1,3,0.5,0.25,0.333333333333333
"ldm",120,1,0,3,1,0.25,0.4
"hima",120,0,0,4,0,0,0
"microbvs",120,2,8,2,0.2,0.5,0.285714285714286
"medzim",120,3,3,1,0.5,0.75,0.6
"npem",120,0,0,4,0,0,0
"ccmm",121,0,2,4,0,0,0
"ldm",121,0,1,4,0,0,0
"hima",121,0,1,4,0,0,0
"microbvs",121,2,9,2,0.181818181818182,0.5,0.266666666666667
"medzim",121,1,3,3,0.25,0.25,0.25
"npem",121,0,0,4,0,0,0
"ccmm",122,2,2,2,0.5,0.5,0.5
"ldm",122,0,1,4,0,0,0
"hima",122,0,0,4,0,0,0
"microbvs",122,1,3,3,0.25,0.25,0.25
"medzim",122,0,0,4,0,0,0
"npem",122,0,0,4,0,0,0
"ccmm",123,0,1,4,0,0,0
"ldm",123,1,0,3,1,0.25,0.4
"microbvs",123,0,4,4,0,0,0
"medzim",123,0,1,4,0,0,0
"npem",123,0,0,4,0,0,0
"ccmm",124,0,2,4,0,0,0
"ldm",124,2,2,2,0.5,0.5,0.5
"hima",124,0,0,4,0,0,0
"microbvs",124,2,8,2,0.2,0.5,0.285714285714286
"medzim",124,1,0,3,1,0.25,0.4
"npem",124,0,0,4,0,0,0
"ccmm",125,1,1,3,0.5,0.25,0.333333333333333
"ldm",125,0,1,4,0,0,0
"hima",125,0,0,4,0,0,0
"microbvs",125,1,4,3,0.2,0.25,0.222222222222222
"medzim",125,1,1,3,0.5,0.25,0.333333333333333
"npem",125,0,0,4,0,0,0
"ccmm",126,0,2,4,0,0,0
"ldm",126,0,2,4,0,0,0
"hima",126,0,1,4,0,0,0
"microbvs",126,4,10,0,0.285714285714286,1,0.444444444444444
"medzim",126,0,2,4,0,0,0
"npem",126,0,0,4,0,0,0
"ccmm",127,0,1,4,0,0,0
"ldm",127,0,1,4,0,0,0
"hima",127,0,0,4,0,0,0
"microbvs",127,1,9,3,0.1,0.25,0.142857142857143
"medzim",127,0,3,4,0,0,0
"npem",127,0,0,4,0,0,0
"ccmm",128,0,1,4,0,0,0
"ldm",128,0,0,4,0,0,0
"hima",128,0,0,4,0,0,0
"microbvs",128,1,3,3,0.25,0.25,0.25
"medzim",128,1,0,3,1,0.25,0.4
"npem",128,0,0,4,0,0,0
"ccmm",129,1,0,3,1,0.25,0.4
"ldm",129,2,1,2,0.666666666666667,0.5,0.571428571428572
"hima",129,0,0,4,0,0,0
"microbvs",129,0,4,4,0,0,0
"medzim",129,3,0,1,1,0.75,0.857142857142857
"npem",129,0,0,4,0,0,0
"ccmm",130,2,2,2,0.5,0.5,0.5
"ldm",130,3,6,1,0.333333333333333,0.75,0.461538461538462
"hima",130,2,1,2,0.666666666666667,0.5,0.571428571428572
"microbvs",130,0,6,4,0,0,0
"medzim",130,2,2,2,0.5,0.5,0.5
"npem",130,0,0,4,0,0,0
"ccmm",131,0,2,4,0,0,0
"ldm",131,0,0,4,0,0,0
"hima",131,0,0,4,0,0,0
"microbvs",131,1,5,3,0.166666666666667,0.25,0.2
"medzim",131,0,0,4,0,0,0
"npem",131,0,0,4,0,0,0
"ccmm",132,0,0,4,0,0,0
"ldm",132,0,0,4,0,0,0
"microbvs",132,3,14,1,0.176470588235294,0.75,0.285714285714286
"medzim",132,0,0,4,0,0,0
"npem",132,0,0,4,0,0,0
"ccmm",133,1,3,3,0.25,0.25,0.25
"ldm",133,0,1,4,0,0,0
"hima",133,0,0,4,0,0,0
"microbvs",133,1,8,3,0.111111111111111,0.25,0.153846153846154
"medzim",133,0,1,4,0,0,0
"npem",133,0,0,4,0,0,0
"ccmm",134,0,2,4,0,0,0
"ldm",134,1,0,3,1,0.25,0.4
"microbvs",134,0,4,4,0,0,0
"medzim",134,0,2,4,0,0,0
"npem",134,0,0,4,0,0,0
"ccmm",135,2,0,2,1,0.5,0.666666666666667
"ldm",135,1,0,3,1,0.25,0.4
"microbvs",135,0,4,4,0,0,0
"medzim",135,1,0,3,1,0.25,0.4
"npem",135,0,0,4,0,0,0
"ccmm",136,1,1,3,0.5,0.25,0.333333333333333
"ldm",136,1,0,3,1,0.25,0.4
"hima",136,0,0,4,0,0,0
"microbvs",136,1,3,3,0.25,0.25,0.25
"medzim",136,1,1,3,0.5,0.25,0.333333333333333
"npem",136,0,0,4,0,0,0
"ccmm",137,2,4,2,0.333333333333333,0.5,0.4
"ldm",137,0,0,4,0,0,0
"hima",137,0,0,4,0,0,0
"microbvs",137,2,9,2,0.181818181818182,0.5,0.266666666666667
"medzim",137,0,0,4,0,0,0
"npem",137,0,0,4,0,0,0
"ccmm",138,1,1,3,0.5,0.25,0.333333333333333
"ldm",138,1,1,3,0.5,0.25,0.333333333333333
"hima",138,0,0,4,0,0,0
"microbvs",138,0,5,4,0,0,0
"medzim",138,1,2,3,0.333333333333333,0.25,0.285714285714286
"npem",138,0,0,4,0,0,0
"ccmm",139,0,0,4,0,0,0
"ldm",139,1,0,3,1,0.25,0.4
"microbvs",139,1,3,3,0.25,0.25,0.25
"medzim",139,0,0,4,0,0,0
"npem",139,0,0,4,0,0,0
"ccmm",140,0,3,4,0,0,0
"ldm",140,0,0,4,0,0,0
"microbvs",140,4,12,0,0.25,1,0.4
"medzim",140,0,0,4,0,0,0
"npem",140,0,0,4,0,0,0
"ccmm",141,0,0,4,0,0,0
"ldm",141,0,0,4,0,0,0
"microbvs",141,2,8,2,0.2,0.5,0.285714285714286
"medzim",141,1,1,3,0.5,0.25,0.333333333333333
"npem",141,0,0,4,0,0,0
"ccmm",142,2,0,2,1,0.5,0.666666666666667
"ldm",142,3,5,1,0.375,0.75,0.5
"hima",142,0,0,4,0,0,0
"microbvs",142,3,5,1,0.375,0.75,0.5
"medzim",142,0,1,4,0,0,0
"npem",142,0,0,4,0,0,0
"ccmm",143,0,3,4,0,0,0
"ldm",143,1,0,3,1,0.25,0.4
"hima",143,0,0,4,0,0,0
"microbvs",143,0,8,4,0,0,0
"medzim",143,2,0,2,1,0.5,0.666666666666667
"npem",143,0,0,4,0,0,0
"ccmm",144,1,1,3,0.5,0.25,0.333333333333333
"ldm",144,0,0,4,0,0,0
"hima",144,0,0,4,0,0,0
"microbvs",144,0,4,4,0,0,0
"medzim",144,0,1,4,0,0,0
"npem",144,0,0,4,0,0,0
"ccmm",145,0,1,4,0,0,0
"ldm",145,2,0,2,1,0.5,0.666666666666667
"hima",145,0,0,4,0,0,0
"microbvs",145,1,8,3,0.111111111111111,0.25,0.153846153846154
"medzim",145,3,0,1,1,0.75,0.857142857142857
"npem",145,0,0,4,0,0,0
"ccmm",146,1,0,3,1,0.25,0.4
"ldm",146,0,0,4,0,0,0
"hima",146,0,0,4,0,0,0
"microbvs",146,1,3,3,0.25,0.25,0.25
"medzim",146,0,0,4,0,0,0
"npem",146,0,0,4,0,0,0
"ccmm",147,1,1,3,0.5,0.25,0.333333333333333
"ldm",147,0,0,4,0,0,0
"hima",147,0,0,4,0,0,0
"microbvs",147,0,4,4,0,0,0
"medzim",147,0,0,4,0,0,0
"npem",147,0,0,4,0,0,0
"ccmm",148,1,0,3,1,0.25,0.4
"ldm",148,0,0,4,0,0,0
"hima",148,0,0,4,0,0,0
"microbvs",148,0,4,4,0,0,0
"medzim",148,0,0,4,0,0,0
"npem",148,0,0,4,0,0,0
"ccmm",149,0,1,4,0,0,0
"ldm",149,0,1,4,0,0,0
"hima",149,0,0,4,0,0,0
"microbvs",149,3,8,1,0.272727272727273,0.75,0.4
"medzim",149,0,1,4,0,0,0
"npem",149,0,0,4,0,0,0
"ccmm",150,0,3,4,0,0,0
"ldm",150,0,0,4,0,0,0
"microbvs",150,0,4,4,0,0,0
"medzim",150,1,0,3,1,0.25,0.4
"npem",150,0,0,4,0,0,0
"ccmm",151,1,1,3,0.5,0.25,0.333333333333333
"ldm",151,1,0,3,1,0.25,0.4
"microbvs",151,2,7,2,0.222222222222222,0.5,0.307692307692308
"medzim",151,1,0,3,1,0.25,0.4
"npem",151,0,0,4,0,0,0
"ccmm",152,2,5,2,0.285714285714286,0.5,0.363636363636364
"ldm",152,0,1,4,0,0,0
"hima",152,0,0,4,0,0,0
"microbvs",152,0,5,4,0,0,0
"medzim",152,0,1,4,0,0,0
"npem",152,0,0,4,0,0,0
"ccmm",153,1,3,3,0.25,0.25,0.25
"ldm",153,0,0,4,0,0,0
"hima",153,0,0,4,0,0,0
"microbvs",153,2,9,2,0.181818181818182,0.5,0.266666666666667
"medzim",153,2,0,2,1,0.5,0.666666666666667
"npem",153,0,0,4,0,0,0
"ccmm",154,1,0,3,1,0.25,0.4
"ldm",154,1,0,3,1,0.25,0.4
"hima",154,0,0,4,0,0,0
"microbvs",154,0,0,4,0,0,0
"medzim",154,1,0,3,1,0.25,0.4
"npem",154,0,0,4,0,0,0
"ccmm",155,0,0,4,0,0,0
"ldm",155,0,1,4,0,0,0
"hima",155,0,0,4,0,0,0
"microbvs",155,0,5,4,0,0,0
"medzim",155,0,0,4,0,0,0
"npem",155,0,0,4,0,0,0
"ccmm",156,0,0,4,0,0,0
"ldm",156,0,1,4,0,0,0
"microbvs",156,0,7,4,0,0,0
"medzim",156,0,3,4,0,0,0
"npem",156,0,0,4,0,0,0
"ccmm",157,0,2,4,0,0,0
"ldm",157,0,0,4,0,0,0
"microbvs",157,0,1,4,0,0,0
"medzim",157,0,1,4,0,0,0
"npem",157,0,0,4,0,0,0
"ccmm",158,1,0,3,1,0.25,0.4
"ldm",158,0,3,4,0,0,0
"hima",158,0,0,4,0,0,0
"microbvs",158,1,3,3,0.25,0.25,0.25
"medzim",158,0,2,4,0,0,0
"npem",158,0,0,4,0,0,0
"ccmm",159,0,0,4,0,0,0
"ldm",159,2,0,2,1,0.5,0.666666666666667
"microbvs",159,2,2,2,0.5,0.5,0.5
"medzim",159,0,0,4,0,0,0
"npem",159,0,0,4,0,0,0
"ccmm",160,0,1,4,0,0,0
"ldm",160,0,2,4,0,0,0
"microbvs",160,0,4,4,0,0,0
"medzim",160,0,2,4,0,0,0
"npem",160,0,0,4,0,0,0
"ccmm",161,1,1,3,0.5,0.25,0.333333333333333
"ldm",161,1,0,3,1,0.25,0.4
"hima",161,0,0,4,0,0,0
"microbvs",161,0,4,4,0,0,0
"medzim",161,1,0,3,1,0.25,0.4
"npem",161,0,0,4,0,0,0
"ccmm",162,0,3,4,0,0,0
"ldm",162,0,1,4,0,0,0
"hima",162,0,0,4,0,0,0
"microbvs",162,2,11,2,0.153846153846154,0.5,0.235294117647059
"medzim",162,1,2,3,0.333333333333333,0.25,0.285714285714286
"npem",162,0,0,4,0,0,0
"ccmm",163,0,0,4,0,0,0
"ldm",163,0,0,4,0,0,0
"hima",163,0,0,4,0,0,0
"microbvs",163,4,15,0,0.210526315789474,1,0.347826086956522
"medzim",163,0,0,4,0,0,0
"npem",163,0,0,4,0,0,0
"ccmm",164,0,0,4,0,0,0
"ldm",164,1,0,3,1,0.25,0.4
"microbvs",164,1,3,3,0.25,0.25,0.25
"medzim",164,1,0,3,1,0.25,0.4
"npem",164,0,0,4,0,0,0
"ccmm",165,2,2,2,0.5,0.5,0.5
"ldm",165,1,0,3,1,0.25,0.4
"microbvs",165,1,3,3,0.25,0.25,0.25
"medzim",165,0,0,4,0,0,0
"npem",165,0,0,4,0,0,0
"ccmm",166,0,5,4,0,0,0
"ldm",166,0,1,4,0,0,0
"hima",166,0,0,4,0,0,0
"microbvs",166,4,15,0,0.210526315789474,1,0.347826086956522
"medzim",166,0,0,4,0,0,0
"npem",166,0,0,4,0,0,0
"ccmm",167,1,1,3,0.5,0.25,0.333333333333333
"ldm",167,0,0,4,0,0,0
"hima",167,0,0,4,0,0,0
"microbvs",167,3,13,1,0.1875,0.75,0.3
"medzim",167,1,0,3,1,0.25,0.4
"npem",167,0,0,4,0,0,0
"ccmm",168,0,2,4,0,0,0
"ldm",168,0,0,4,0,0,0
"hima",168,0,0,4,0,0,0
"microbvs",168,0,4,4,0,0,0
"medzim",168,0,0,4,0,0,0
"npem",168,0,0,4,0,0,0
"ccmm",169,0,0,4,0,0,0
"ldm",169,0,1,4,0,0,0
"hima",169,0,0,4,0,0,0
"microbvs",169,4,16,0,0.2,1,0.333333333333333
"medzim",169,0,0,4,0,0,0
"npem",169,0,0,4,0,0,0
"ccmm",170,0,1,4,0,0,0
"ldm",170,0,0,4,0,0,0
"microbvs",170,1,0,3,1,0.25,0.4
"medzim",170,0,0,4,0,0,0
"npem",170,0,0,4,0,0,0
"ccmm",171,0,1,4,0,0,0
"ldm",171,0,1,4,0,0,0
"hima",171,0,0,4,0,0,0
"microbvs",171,2,2,2,0.5,0.5,0.5
"medzim",171,0,1,4,0,0,0
"npem",171,0,0,4,0,0,0
"ccmm",172,0,0,4,0,0,0
"ldm",172,0,0,4,0,0,0
"hima",172,0,0,4,0,0,0
"microbvs",172,3,6,1,0.333333333333333,0.75,0.461538461538462
"medzim",172,1,1,3,0.5,0.25,0.333333333333333
"npem",172,0,0,4,0,0,0
"ccmm",173,0,1,4,0,0,0
"ldm",173,0,2,4,0,0,0
"microbvs",173,0,4,4,0,0,0
"medzim",173,0,1,4,0,0,0
"npem",173,0,0,4,0,0,0
"ccmm",174,0,1,4,0,0,0
"ldm",174,0,0,4,0,0,0
"hima",174,0,0,4,0,0,0
"microbvs",174,3,7,1,0.3,0.75,0.428571428571428
"medzim",174,2,1,2,0.666666666666667,0.5,0.571428571428572
"npem",174,0,0,4,0,0,0
"ccmm",175,0,1,4,0,0,0
"ldm",175,0,1,4,0,0,0
"hima",175,0,0,4,0,0,0
"microbvs",175,1,3,3,0.25,0.25,0.25
"medzim",175,0,1,4,0,0,0
"npem",175,0,0,4,0,0,0
"ccmm",176,1,2,3,0.333333333333333,0.25,0.285714285714286
"ldm",176,1,0,3,1,0.25,0.4
"hima",176,0,0,4,0,0,0
"microbvs",176,0,11,4,0,0,0
"medzim",176,1,0,3,1,0.25,0.4
"npem",176,0,0,4,0,0,0
"ccmm",177,3,2,1,0.6,0.75,0.666666666666667
"ldm",177,1,0,3,1,0.25,0.4
"hima",177,0,0,4,0,0,0
"microbvs",177,1,3,3,0.25,0.25,0.25
"medzim",177,0,0,4,0,0,0
"npem",177,0,0,4,0,0,0
"ccmm",178,0,0,4,0,0,0
"ldm",178,0,1,4,0,0,0
"hima",178,0,0,4,0,0,0
"microbvs",178,3,13,1,0.1875,0.75,0.3
"medzim",178,0,1,4,0,0,0
"npem",178,0,0,4,0,0,0
"ccmm",179,0,5,4,0,0,0
"ldm",179,0,1,4,0,0,0
"hima",179,0,0,4,0,0,0
"microbvs",179,1,3,3,0.25,0.25,0.25
"medzim",179,0,0,4,0,0,0
"npem",179,0,0,4,0,0,0
"ccmm",180,1,1,3,0.5,0.25,0.333333333333333
"ldm",180,0,0,4,0,0,0
"hima",180,0,0,4,0,0,0
"microbvs",180,1,4,3,0.2,0.25,0.222222222222222
"medzim",180,1,0,3,1,0.25,0.4
"npem",180,0,0,4,0,0,0
"ccmm",181,0,2,4,0,0,0
"ldm",181,0,0,4,0,0,0
"hima",181,0,0,4,0,0,0
"microbvs",181,0,4,4,0,0,0
"medzim",181,0,0,4,0,0,0
"npem",181,0,0,4,0,0,0
"ccmm",182,0,0,4,0,0,0
"ldm",182,0,1,4,0,0,0
"hima",182,0,0,4,0,0,0
"microbvs",182,4,16,0,0.2,1,0.333333333333333
"medzim",182,0,1,4,0,0,0
"npem",182,0,0,4,0,0,0
"ccmm",183,0,1,4,0,0,0
"ldm",183,0,0,4,0,0,0
"microbvs",183,2,8,2,0.2,0.5,0.285714285714286
"medzim",183,0,0,4,0,0,0
"npem",183,0,0,4,0,0,0
"ccmm",184,0,1,4,0,0,0
"ldm",184,0,1,4,0,0,0
"hima",184,0,0,4,0,0,0
"microbvs",184,2,4,2,0.333333333333333,0.5,0.4
"medzim",184,0,1,4,0,0,0
"npem",184,0,0,4,0,0,0
"ccmm",185,0,0,4,0,0,0
"ldm",185,0,0,4,0,0,0
"hima",185,0,0,4,0,0,0
"microbvs",185,2,2,2,0.5,0.5,0.5
"medzim",185,1,1,3,0.5,0.25,0.333333333333333
"npem",185,0,0,4,0,0,0
"ccmm",186,0,1,4,0,0,0
"ldm",186,0,2,4,0,0,0
"microbvs",186,1,8,3,0.111111111111111,0.25,0.153846153846154
"medzim",186,0,1,4,0,0,0
"npem",186,0,0,4,0,0,0
"ccmm",187,0,1,4,0,0,0
"ldm",187,0,0,4,0,0,0
"hima",187,0,0,4,0,0,0
"microbvs",187,0,4,4,0,0,0
"medzim",187,2,1,2,0.666666666666667,0.5,0.571428571428572
"npem",187,0,0,4,0,0,0
"ccmm",188,0,1,4,0,0,0
"ldm",188,0,1,4,0,0,0
"hima",188,0,0,4,0,0,0
"microbvs",188,2,9,2,0.181818181818182,0.5,0.266666666666667
"medzim",188,0,1,4,0,0,0
"npem",188,0,0,4,0,0,0
"ccmm",189,1,2,3,0.333333333333333,0.25,0.285714285714286
"ldm",189,1,0,3,1,0.25,0.4
"hima",189,0,0,4,0,0,0
"microbvs",189,0,4,4,0,0,0
"medzim",189,1,0,3,1,0.25,0.4
"npem",189,0,0,4,0,0,0
"ccmm",190,3,2,1,0.6,0.75,0.666666666666667
"ldm",190,1,0,3,1,0.25,0.4
"hima",190,0,0,4,0,0,0
"microbvs",190,1,3,3,0.25,0.25,0.25
"medzim",190,0,0,4,0,0,0
"npem",190,0,0,4,0,0,0
"ccmm",191,0,0,4,0,0,0
"ldm",191,0,1,4,0,0,0
"hima",191,0,0,4,0,0,0
"microbvs",191,3,9,1,0.25,0.75,0.375
"medzim",191,0,1,4,0,0,0
"npem",191,0,0,4,0,0,0
"ccmm",192,0,5,4,0,0,0
"ldm",192,0,1,4,0,0,0
"hima",192,0,0,4,0,0,0
"microbvs",192,1,3,3,0.25,0.25,0.25
"medzim",192,0,0,4,0,0,0
"npem",192,0,0,4,0,0,0
"ccmm",193,1,1,3,0.5,0.25,0.333333333333333
"ldm",193,0,0,4,0,0,0
"hima",193,0,0,4,0,0,0
"microbvs",193,1,3,3,0.25,0.25,0.25
"medzim",193,1,0,3,1,0.25,0.4
"npem",193,0,0,4,0,0,0
"ccmm",194,0,2,4,0,0,0
"ldm",194,0,0,4,0,0,0
"hima",194,0,0,4,0,0,0
"microbvs",194,2,8,2,0.2,0.5,0.285714285714286
"medzim",194,0,0,4,0,0,0
"npem",194,0,0,4,0,0,0
"ccmm",195,0,0,4,0,0,0
"ldm",195,0,1,4,0,0,0
"hima",195,0,0,4,0,0,0
"microbvs",195,4,16,0,0.2,1,0.333333333333333
"medzim",195,0,0,4,0,0,0
"npem",195,0,0,4,0,0,0
"ccmm",196,0,1,4,0,0,0
"ldm",196,0,0,4,0,0,0
"microbvs",196,1,3,3,0.25,0.25,0.25
"medzim",196,0,0,4,0,0,0
"npem",196,0,0,4,0,0,0
"ccmm",197,0,1,4,0,0,0
"ldm",197,0,1,4,0,0,0
"hima",197,0,0,4,0,0,0
"microbvs",197,3,2,1,0.6,0.75,0.666666666666667
"medzim",197,0,1,4,0,0,0
"npem",197,0,0,4,0,0,0
"ccmm",198,0,0,4,0,0,0
"ldm",198,0,0,4,0,0,0
"hima",198,0,0,4,0,0,0
"microbvs",198,2,2,2,0.5,0.5,0.5
"medzim",198,1,1,3,0.5,0.25,0.333333333333333
"npem",198,0,0,4,0,0,0
"ccmm",199,0,1,4,0,0,0
"ldm",199,0,2,4,0,0,0
"microbvs",199,0,4,4,0,0,0
"medzim",199,0,1,4,0,0,0
"npem",199,0,0,4,0,0,0
"ccmm",200,0,1,4,0,0,0
"ldm",200,0,0,4,0,0,0
"hima",200,0,0,4,0,0,0
"microbvs",200,0,4,4,0,0,0
"medzim",200,2,1,2,0.666666666666667,0.5,0.571428571428572
"npem",200,0,0,4,0,0,0
"ccmm",201,0,1,4,0,0,0
"ldm",201,0,2,4,0,0,0
"microbvs",201,2,6,2,0.25,0.5,0.333333333333333
"medzim",201,0,1,4,0,0,0
"npem",201,0,0,4,0,0,0
"ccmm",202,0,0,4,0,0,0
"ldm",202,0,2,4,0,0,0
"microbvs",202,1,3,3,0.25,0.25,0.25
"medzim",202,0,1,4,0,0,0
"npem",202,0,0,4,0,0,0
"ccmm",203,0,4,4,0,0,0
"ldm",203,1,3,3,0.25,0.25,0.25
"hima",203,0,1,4,0,0,0
"microbvs",203,2,14,2,0.125,0.5,0.2
"medzim",203,2,8,2,0.2,0.5,0.285714285714286
"npem",203,0,0,4,0,0,0
"ccmm",204,0,1,4,0,0,0
"ldm",204,0,1,4,0,0,0
"microbvs",204,1,10,3,0.0909090909090909,0.25,0.133333333333333
"medzim",204,0,1,4,0,0,0
"npem",204,0,0,4,0,0,0
"ccmm",205,0,0,4,0,0,0
"ldm",205,1,2,3,0.333333333333333,0.25,0.285714285714286
"hima",205,0,0,4,0,0,0
"microbvs",205,3,8,1,0.272727272727273,0.75,0.4
"medzim",205,0,2,4,0,0,0
"npem",205,0,0,4,0,0,0
"ccmm",206,0,0,4,0,0,0
"ldm",206,1,1,3,0.5,0.25,0.333333333333333
"hima",206,1,0,3,1,0.25,0.4
"microbvs",206,2,9,2,0.181818181818182,0.5,0.266666666666667
"medzim",206,0,2,4,0,0,0
"npem",206,0,0,4,0,0,0
"ccmm",207,1,0,3,1,0.25,0.4
"ldm",207,0,4,4,0,0,0
"hima",207,0,0,4,0,0,0
"microbvs",207,4,13,0,0.235294117647059,1,0.380952380952381
"medzim",207,0,1,4,0,0,0
"npem",207,0,0,4,0,0,0
"ccmm",208,0,2,4,0,0,0
"ldm",208,0,1,4,0,0,0
"hima",208,0,0,4,0,0,0
"microbvs",208,0,4,4,0,0,0
"medzim",208,1,4,3,0.2,0.25,0.222222222222222
"npem",208,0,0,4,0,0,0
"ccmm",209,0,1,4,0,0,0
"ldm",209,0,1,4,0,0,0
"microbvs",209,4,13,0,0.235294117647059,1,0.380952380952381
"medzim",209,0,1,4,0,0,0
"npem",209,0,0,4,0,0,0
"ccmm",210,0,0,4,0,0,0
"ldm",210,0,1,4,0,0,0
"hima",210,0,0,4,0,0,0
"microbvs",210,3,7,1,0.3,0.75,0.428571428571428
"medzim",210,0,0,4,0,0,0
"npem",210,0,0,4,0,0,0
"ccmm",211,0,0,4,0,0,0
"ldm",211,0,1,4,0,0,0
"hima",211,0,0,4,0,0,0
"microbvs",211,1,3,3,0.25,0.25,0.25
"medzim",211,0,0,4,0,0,0
"npem",211,0,0,4,0,0,0
"ccmm",212,1,2,3,0.333333333333333,0.25,0.285714285714286
"ldm",212,3,0,1,1,0.75,0.857142857142857
"hima",212,0,0,4,0,0,0
"microbvs",212,0,4,4,0,0,0
"medzim",212,0,0,4,0,0,0
"npem",212,0,0,4,0,0,0
"ccmm",213,2,1,2,0.666666666666667,0.5,0.571428571428572
"ldm",213,0,1,4,0,0,0
"hima",213,0,1,4,0,0,0
"microbvs",213,0,4,4,0,0,0
"medzim",213,0,0,4,0,0,0
"npem",213,0,0,4,0,0,0
"ccmm",214,1,5,3,0.166666666666667,0.25,0.2
"ldm",214,0,3,4,0,0,0
"hima",214,0,0,4,0,0,0
"microbvs",214,1,3,3,0.25,0.25,0.25
"medzim",214,0,1,4,0,0,0
"npem",214,0,0,4,0,0,0
"ccmm",215,0,0,4,0,0,0
"ldm",215,0,0,4,0,0,0
"microbvs",215,1,5,3,0.166666666666667,0.25,0.2
"medzim",215,0,1,4,0,0,0
"npem",215,0,0,4,0,0,0
"ccmm",216,0,2,4,0,0,0
"ldm",216,0,5,4,0,0,0
"hima",216,0,0,4,0,0,0
"microbvs",216,1,3,3,0.25,0.25,0.25
"medzim",216,0,4,4,0,0,0
"npem",216,0,0,4,0,0,0
"ccmm",217,0,1,4,0,0,0
"ldm",217,1,4,3,0.2,0.25,0.222222222222222
"hima",217,1,0,3,1,0.25,0.4
"microbvs",217,1,3,3,0.25,0.25,0.25
"medzim",217,2,4,2,0.333333333333333,0.5,0.4
"npem",217,0,0,4,0,0,0
"ccmm",218,1,1,3,0.5,0.25,0.333333333333333
"ldm",218,2,0,2,1,0.5,0.666666666666667
"hima",218,1,0,3,1,0.25,0.4
"microbvs",218,1,3,3,0.25,0.25,0.25
"medzim",218,2,2,2,0.5,0.5,0.5
"npem",218,0,0,4,0,0,0
"ccmm",219,1,3,3,0.25,0.25,0.25
"ldm",219,0,0,4,0,0,0
"hima",219,1,0,3,1,0.25,0.4
"microbvs",219,2,7,2,0.222222222222222,0.5,0.307692307692308
"medzim",219,0,0,4,0,0,0
"npem",219,0,0,4,0,0,0
"ccmm",220,1,0,3,1,0.25,0.4
"ldm",220,0,0,4,0,0,0
"hima",220,0,0,4,0,0,0
"microbvs",220,1,6,3,0.142857142857143,0.25,0.181818181818182
"medzim",220,1,0,3,1,0.25,0.4
"npem",220,0,0,4,0,0,0
"ccmm",221,0,1,4,0,0,0
"ldm",221,0,1,4,0,0,0
"microbvs",221,3,7,1,0.3,0.75,0.428571428571428
"medzim",221,0,1,4,0,0,0
"npem",221,0,0,4,0,0,0
"ccmm",222,0,1,4,0,0,0
"ldm",222,0,1,4,0,0,0
"microbvs",222,1,10,3,0.0909090909090909,0.25,0.133333333333333
"medzim",222,0,1,4,0,0,0
"npem",222,0,0,4,0,0,0
"ccmm",223,1,0,3,1,0.25,0.4
"ldm",223,0,2,4,0,0,0
"hima",223,0,0,4,0,0,0
"microbvs",223,2,6,2,0.25,0.5,0.333333333333333
"medzim",223,2,2,2,0.5,0.5,0.5
"npem",223,0,0,4,0,0,0
"ccmm",224,0,0,4,0,0,0
"ldm",224,1,2,3,0.333333333333333,0.25,0.285714285714286
"hima",224,0,0,4,0,0,0
"microbvs",224,1,3,3,0.25,0.25,0.25
"medzim",224,1,2,3,0.333333333333333,0.25,0.285714285714286
"npem",224,0,0,4,0,0,0
"ccmm",225,0,2,4,0,0,0
"ldm",225,0,2,4,0,0,0
"hima",225,0,0,4,0,0,0
"microbvs",225,1,3,3,0.25,0.25,0.25
"medzim",225,0,2,4,0,0,0
"npem",225,0,0,4,0,0,0
"ccmm",226,1,0,3,1,0.25,0.4
"ldm",226,0,1,4,0,0,0
"microbvs",226,1,3,3,0.25,0.25,0.25
"medzim",226,0,1,4,0,0,0
"npem",226,0,0,4,0,0,0
"ccmm",227,2,0,2,1,0.5,0.666666666666667
"ldm",227,0,1,4,0,0,0
"hima",227,0,0,4,0,0,0
"microbvs",227,2,9,2,0.181818181818182,0.5,0.266666666666667
"medzim",227,0,0,4,0,0,0
"npem",227,0,0,4,0,0,0
"ccmm",228,0,0,4,0,0,0
"ldm",228,0,1,4,0,0,0
"hima",228,0,0,4,0,0,0
"microbvs",228,1,3,3,0.25,0.25,0.25
"medzim",228,0,1,4,0,0,0
"npem",228,0,0,4,0,0,0
"ccmm",229,0,1,4,0,0,0
"ldm",229,0,1,4,0,0,0
"hima",229,0,0,4,0,0,0
"microbvs",229,4,8,0,0.333333333333333,1,0.5
"medzim",229,0,1,4,0,0,0
"npem",229,0,0,4,0,0,0
"ccmm",230,0,0,4,0,0,0
"ldm",230,0,2,4,0,0,0
"hima",230,0,0,4,0,0,0
"microbvs",230,4,16,0,0.2,1,0.333333333333333
"medzim",230,0,1,4,0,0,0
"npem",230,0,0,4,0,0,0
"ccmm",231,1,1,3,0.5,0.25,0.333333333333333
"ldm",231,0,4,4,0,0,0
"hima",231,0,0,4,0,0,0
"microbvs",231,2,8,2,0.2,0.5,0.285714285714286
"medzim",231,0,2,4,0,0,0
"npem",231,0,0,4,0,0,0
"ccmm",232,1,3,3,0.25,0.25,0.25
"ldm",232,2,7,2,0.222222222222222,0.5,0.307692307692308
"hima",232,0,1,4,0,0,0
"microbvs",232,1,3,3,0.25,0.25,0.25
"medzim",232,0,2,4,0,0,0
"npem",232,0,0,4,0,0,0
"ccmm",233,1,1,3,0.5,0.25,0.333333333333333
"ldm",233,0,4,4,0,0,0
"hima",233,0,0,4,0,0,0
"microbvs",233,0,4,4,0,0,0
"medzim",233,0,2,4,0,0,0
"npem",233,0,0,4,0,0,0
"ccmm",234,0,2,4,0,0,0
"ldm",234,0,2,4,0,0,0
"hima",234,0,0,4,0,0,0
"microbvs",234,1,4,3,0.2,0.25,0.222222222222222
"medzim",234,1,1,3,0.5,0.25,0.333333333333333
"npem",234,0,0,4,0,0,0
"ccmm",235,1,0,3,1,0.25,0.4
"ldm",235,1,0,3,1,0.25,0.4
"hima",235,0,0,4,0,0,0
"microbvs",235,0,4,4,0,0,0
"medzim",235,0,0,4,0,0,0
"npem",235,0,0,4,0,0,0
"ccmm",236,0,0,4,0,0,0
"ldm",236,0,1,4,0,0,0
"hima",236,0,0,4,0,0,0
"microbvs",236,0,4,4,0,0,0
"medzim",236,0,0,4,0,0,0
"npem",236,0,0,4,0,0,0
"ccmm",237,0,2,4,0,0,0
"ldm",237,0,1,4,0,0,0
"hima",237,0,0,4,0,0,0
"microbvs",237,1,3,3,0.25,0.25,0.25
"medzim",237,0,0,4,0,0,0
"npem",237,0,0,4,0,0,0
"ccmm",238,1,0,3,1,0.25,0.4
"ldm",238,1,0,3,1,0.25,0.4
"hima",238,1,0,3,1,0.25,0.4
"microbvs",238,1,10,3,0.0909090909090909,0.25,0.133333333333333
"medzim",238,0,2,4,0,0,0
"npem",238,0,0,4,0,0,0
"ccmm",239,0,0,4,0,0,0
"ldm",239,0,0,4,0,0,0
"microbvs",239,0,4,4,0,0,0
"medzim",239,0,0,4,0,0,0
"npem",239,0,0,4,0,0,0
"ccmm",240,0,1,4,0,0,0
"ldm",240,0,2,4,0,0,0
"microbvs",240,2,8,2,0.2,0.5,0.285714285714286
"medzim",240,0,2,4,0,0,0
"npem",240,0,0,4,0,0,0
"ccmm",241,0,0,4,0,0,0
"ldm",241,1,2,3,0.333333333333333,0.25,0.285714285714286
"microbvs",241,2,2,2,0.5,0.5,0.5
"medzim",241,0,2,4,0,0,0
"npem",241,0,0,4,0,0,0
"ccmm",242,0,0,4,0,0,0
"ldm",242,0,1,4,0,0,0
"microbvs",242,3,10,1,0.230769230769231,0.75,0.352941176470588
"medzim",242,0,2,4,0,0,0
"npem",242,0,0,4,0,0,0
"ccmm",243,0,2,4,0,0,0
"ldm",243,0,1,4,0,0,0
"hima",243,0,0,4,0,0,0
"microbvs",243,1,4,3,0.2,0.25,0.222222222222222
"medzim",243,0,0,4,0,0,0
"npem",243,0,0,4,0,0,0
"ccmm",244,1,1,3,0.5,0.25,0.333333333333333
"ldm",244,0,1,4,0,0,0
"hima",244,0,0,4,0,0,0
"microbvs",244,3,8,1,0.272727272727273,0.75,0.4
"medzim",244,0,3,4,0,0,0
"npem",244,0,0,4,0,0,0
"ccmm",245,0,0,4,0,0,0
"ldm",245,0,1,4,0,0,0
"microbvs",245,0,4,4,0,0,0
"medzim",245,0,2,4,0,0,0
"npem",245,0,0,4,0,0,0
"ccmm",246,0,2,4,0,0,0
"ldm",246,0,1,4,0,0,0
"hima",246,0,0,4,0,0,0
"microbvs",246,1,3,3,0.25,0.25,0.25
"medzim",246,0,2,4,0,0,0
"npem",246,0,0,4,0,0,0
"ccmm",247,0,1,4,0,0,0
"ldm",247,0,1,4,0,0,0
"microbvs",247,1,3,3,0.25,0.25,0.25
"medzim",247,0,0,4,0,0,0
"npem",247,0,0,4,0,0,0
"ccmm",248,0,2,4,0,0,0
"ldm",248,0,3,4,0,0,0
"hima",248,0,0,4,0,0,0
"microbvs",248,3,13,1,0.1875,0.75,0.3
"medzim",248,2,3,2,0.4,0.5,0.444444444444444
"npem",248,0,0,4,0,0,0
"ccmm",249,0,0,4,0,0,0
"ldm",249,0,2,4,0,0,0
"hima",249,0,1,4,0,0,0
"microbvs",249,2,9,2,0.181818181818182,0.5,0.266666666666667
"medzim",249,0,1,4,0,0,0
"npem",249,0,0,4,0,0,0
"ccmm",250,0,3,4,0,0,0
"ldm",250,0,1,4,0,0,0
"hima",250,0,0,4,0,0,0
"microbvs",250,1,3,3,0.25,0.25,0.25
"medzim",250,0,1,4,0,0,0
"npem",250,0,0,4,0,0,0
"ccmm",251,0,2,4,0,0,0
"ldm",251,0,0,4,0,0,0
"hima",251,0,0,4,0,0,0
"microbvs",251,1,3,3,0.25,0.25,0.25
"medzim",251,0,3,4,0,0,0
"npem",251,0,0,4,0,0,0
"ccmm",252,0,0,4,0,0,0
"ldm",252,0,2,4,0,0,0
"microbvs",252,0,4,4,0,0,0
"medzim",252,0,2,4,0,0,0
"npem",252,0,0,4,0,0,0
"ccmm",253,0,0,4,0,0,0
"ldm",253,2,1,2,0.666666666666667,0.5,0.571428571428572
"hima",253,0,0,4,0,0,0
"microbvs",253,1,3,3,0.25,0.25,0.25
"medzim",253,1,1,3,0.5,0.25,0.333333333333333
"npem",253,0,0,4,0,0,0
"ccmm",254,0,0,4,0,0,0
"ldm",254,0,1,4,0,0,0
"microbvs",254,1,3,3,0.25,0.25,0.25
"medzim",254,0,1,4,0,0,0
"npem",254,1,0,3,1,0.25,0.4
"ccmm",255,0,2,4,0,0,0
"ldm",255,1,1,3,0.5,0.25,0.333333333333333
"microbvs",255,0,6,4,0,0,0
"medzim",255,0,2,4,0,0,0
"npem",255,0,0,4,0,0,0
"ccmm",256,0,3,4,0,0,0
"ldm",256,0,1,4,0,0,0
"hima",256,0,0,4,0,0,0
"microbvs",256,3,6,1,0.333333333333333,0.75,0.461538461538462
"medzim",256,0,2,4,0,0,0
"npem",256,0,0,4,0,0,0
"ccmm",257,1,0,3,1,0.25,0.4
"ldm",257,1,2,3,0.333333333333333,0.25,0.285714285714286
"microbvs",257,1,3,3,0.25,0.25,0.25
"medzim",257,0,2,4,0,0,0
"npem",257,0,0,4,0,0,0
"ccmm",258,0,0,4,0,0,0
"ldm",258,0,2,4,0,0,0
"hima",258,0,0,4,0,0,0
"microbvs",258,1,3,3,0.25,0.25,0.25
"medzim",258,0,1,4,0,0,0
"npem",258,0,0,4,0,0,0
"ccmm",259,0,0,4,0,0,0
"ldm",259,0,1,4,0,0,0
"hima",259,0,0,4,0,0,0
"microbvs",259,3,11,1,0.214285714285714,0.75,0.333333333333333
"medzim",259,0,4,4,0,0,0
"npem",259,0,0,4,0,0,0
"ccmm",260,0,3,4,0,0,0
"ldm",260,0,1,4,0,0,0
"hima",260,0,1,4,0,0,0
"microbvs",260,2,3,2,0.4,0.5,0.444444444444444
"medzim",260,0,3,4,0,0,0
"npem",260,0,0,4,0,0,0
"ccmm",261,1,6,3,0.142857142857143,0.25,0.181818181818182
"ldm",261,1,4,3,0.2,0.25,0.222222222222222
"hima",261,0,1,4,0,0,0
"microbvs",261,0,4,4,0,0,0
"medzim",261,1,3,3,0.25,0.25,0.25
"npem",261,0,0,4,0,0,0
"ccmm",262,1,0,3,1,0.25,0.4
"ldm",262,1,0,3,1,0.25,0.4
"hima",262,0,0,4,0,0,0
"microbvs",262,3,7,1,0.3,0.75,0.428571428571428
"medzim",262,0,2,4,0,0,0
"npem",262,0,0,4,0,0,0
"ccmm",263,0,0,4,0,0,0
"ldm",263,1,1,3,0.5,0.25,0.333333333333333
"hima",263,0,0,4,0,0,0
"microbvs",263,0,5,4,0,0,0
"medzim",263,0,1,4,0,0,0
"npem",263,0,0,4,0,0,0
"ccmm",264,1,0,3,1,0.25,0.4
"ldm",264,0,1,4,0,0,0
"microbvs",264,0,5,4,0,0,0
"medzim",264,1,1,3,0.5,0.25,0.333333333333333
"npem",264,0,0,4,0,0,0
"ccmm",265,0,0,4,0,0,0
"ldm",265,1,2,3,0.333333333333333,0.25,0.285714285714286
"microbvs",265,2,3,2,0.4,0.5,0.444444444444444
"medzim",265,0,1,4,0,0,0
"npem",265,0,0,4,0,0,0
"ccmm",266,1,2,3,0.333333333333333,0.25,0.285714285714286
"ldm",266,2,0,2,1,0.5,0.666666666666667
"hima",266,1,0,3,1,0.25,0.4
"microbvs",266,0,4,4,0,0,0
"medzim",266,1,4,3,0.2,0.25,0.222222222222222
"npem",266,0,0,4,0,0,0
"ccmm",267,1,1,3,0.5,0.25,0.333333333333333
"ldm",267,1,0,3,1,0.25,0.4
"microbvs",267,1,3,3,0.25,0.25,0.25
"medzim",267,0,3,4,0,0,0
"npem",267,0,0,4,0,0,0
"ccmm",268,0,1,4,0,0,0
"ldm",268,0,4,4,0,0,0
"microbvs",268,1,3,3,0.25,0.25,0.25
"medzim",268,0,3,4,0,0,0
"npem",268,0,0,4,0,0,0
"ccmm",269,0,3,4,0,0,0
"ldm",269,0,3,4,0,0,0
"microbvs",269,2,2,2,0.5,0.5,0.5
"medzim",269,0,2,4,0,0,0
"npem",269,0,0,4,0,0,0
"ccmm",270,0,1,4,0,0,0
"ldm",270,0,0,4,0,0,0
"hima",270,0,0,4,0,0,0
"microbvs",270,3,8,1,0.272727272727273,0.75,0.4
"medzim",270,0,1,4,0,0,0
"npem",270,0,0,4,0,0,0
"ccmm",271,0,1,4,0,0,0
"ldm",271,1,0,3,1,0.25,0.4
"hima",271,0,0,4,0,0,0
"microbvs",271,3,13,1,0.1875,0.75,0.3
"medzim",271,0,4,4,0,0,0
"npem",271,0,0,4,0,0,0
"ccmm",272,2,4,2,0.333333333333333,0.5,0.4
"ldm",272,2,0,2,1,0.5,0.666666666666667
"hima",272,1,0,3,1,0.25,0.4
"microbvs",272,0,4,4,0,0,0
"medzim",272,0,4,4,0,0,0
"npem",272,0,0,4,0,0,0
"ccmm",273,1,0,3,1,0.25,0.4
"ldm",273,0,1,4,0,0,0
"microbvs",273,1,3,3,0.25,0.25,0.25
"medzim",273,0,1,4,0,0,0
"npem",273,0,0,4,0,0,0
"ccmm",274,0,2,4,0,0,0
"ldm",274,1,1,3,0.5,0.25,0.333333333333333
"microbvs",274,4,9,0,0.307692307692308,1,0.470588235294118
"medzim",274,1,1,3,0.5,0.25,0.333333333333333
"npem",274,0,0,4,0,0,0
"ccmm",275,0,1,4,0,0,0
"ldm",275,0,1,4,0,0,0
"hima",275,0,0,4,0,0,0
"microbvs",275,1,3,3,0.25,0.25,0.25
"medzim",275,0,2,4,0,0,0
"npem",275,0,0,4,0,0,0
"ccmm",276,0,0,4,0,0,0
"ldm",276,0,2,4,0,0,0
"microbvs",276,1,3,3,0.25,0.25,0.25
"medzim",276,0,2,4,0,0,0
"npem",276,0,0,4,0,0,0
"ccmm",277,0,2,4,0,0,0
"ldm",277,0,0,4,0,0,0
"hima",277,0,0,4,0,0,0
"microbvs",277,1,3,3,0.25,0.25,0.25
"medzim",277,1,0,3,1,0.25,0.4
"npem",277,0,0,4,0,0,0
"ccmm",278,0,1,4,0,0,0
"ldm",278,0,2,4,0,0,0
"microbvs",278,0,4,4,0,0,0
"medzim",278,0,2,4,0,0,0
"npem",278,0,0,4,0,0,0
"ccmm",279,0,1,4,0,0,0
"ldm",279,0,2,4,0,0,0
"microbvs",279,0,4,4,0,0,0
"medzim",279,0,1,4,0,0,0
"npem",279,0,0,4,0,0,0
"ccmm",280,0,0,4,0,0,0
"ldm",280,0,2,4,0,0,0
"hima",280,0,0,4,0,0,0
"microbvs",280,2,2,2,0.5,0.5,0.5
"medzim",280,0,2,4,0,0,0
"npem",280,0,0,4,0,0,0
"ccmm",281,1,2,3,0.333333333333333,0.25,0.285714285714286
"ldm",281,0,7,4,0,0,0
"hima",281,0,0,4,0,0,0
"microbvs",281,1,9,3,0.1,0.25,0.142857142857143
"medzim",281,0,5,4,0,0,0
"npem",281,0,0,4,0,0,0
"ccmm",282,0,1,4,0,0,0
"ldm",282,0,2,4,0,0,0
"hima",282,0,0,4,0,0,0
"microbvs",282,3,8,1,0.272727272727273,0.75,0.4
"medzim",282,0,7,4,0,0,0
"npem",282,0,0,4,0,0,0
"ccmm",283,1,1,3,0.5,0.25,0.333333333333333
"ldm",283,1,2,3,0.333333333333333,0.25,0.285714285714286
"hima",283,0,0,4,0,0,0
"microbvs",283,1,3,3,0.25,0.25,0.25
"medzim",283,0,2,4,0,0,0
"npem",283,0,0,4,0,0,0
"ccmm",284,0,1,4,0,0,0
"ldm",284,1,2,3,0.333333333333333,0.25,0.285714285714286
"hima",284,0,0,4,0,0,0
"microbvs",284,2,2,2,0.5,0.5,0.5
"medzim",284,0,3,4,0,0,0
"npem",284,0,0,4,0,0,0
"ccmm",285,1,0,3,1,0.25,0.4
"ldm",285,0,2,4,0,0,0
"microbvs",285,1,3,3,0.25,0.25,0.25
"medzim",285,0,3,4,0,0,0
"npem",285,0,0,4,0,0,0
"ccmm",286,0,2,4,0,0,0
"ldm",286,0,0,4,0,0,0
"microbvs",286,0,5,4,0,0,0
"medzim",286,0,0,4,0,0,0
"npem",286,0,0,4,0,0,0
"ccmm",287,0,1,4,0,0,0
"ldm",287,0,1,4,0,0,0
"hima",287,1,0,3,1,0.25,0.4
"microbvs",287,0,1,4,0,0,0
"medzim",287,1,2,3,0.333333333333333,0.25,0.285714285714286
"npem",287,0,0,4,0,0,0
"ccmm",288,0,0,4,0,0,0
"ldm",288,0,1,4,0,0,0
"microbvs",288,2,7,2,0.222222222222222,0.5,0.307692307692308
"medzim",288,0,0,4,0,0,0
"npem",288,0,0,4,0,0,0
"ccmm",289,1,4,3,0.2,0.25,0.222222222222222
"ldm",289,0,0,4,0,0,0
"hima",289,0,0,4,0,0,0
"microbvs",289,2,2,2,0.5,0.5,0.5
"medzim",289,0,0,4,0,0,0
"npem",289,0,0,4,0,0,0
"ccmm",290,0,0,4,0,0,0
"ldm",290,0,1,4,0,0,0
"microbvs",290,3,7,1,0.3,0.75,0.428571428571428
"medzim",290,0,1,4,0,0,0
"npem",290,0,0,4,0,0,0
"ccmm",291,1,1,3,0.5,0.25,0.333333333333333
"ldm",291,0,0,4,0,0,0
"microbvs",291,2,8,2,0.2,0.5,0.285714285714286
"medzim",291,0,0,4,0,0,0
"npem",291,0,0,4,0,0,0
"ccmm",292,0,0,4,0,0,0
"ldm",292,0,2,4,0,0,0
"microbvs",292,1,3,3,0.25,0.25,0.25
"medzim",292,0,1,4,0,0,0
"npem",292,0,0,4,0,0,0
"ccmm",293,0,3,4,0,0,0
"ldm",293,1,8,3,0.111111111111111,0.25,0.153846153846154
"hima",293,0,0,4,0,0,0
"microbvs",293,0,4,4,0,0,0
"medzim",293,0,2,4,0,0,0
"npem",293,0,0,4,0,0,0
"ccmm",294,0,1,4,0,0,0
"ldm",294,0,2,4,0,0,0
"hima",294,0,0,4,0,0,0
"microbvs",294,0,4,4,0,0,0
"medzim",294,0,3,4,0,0,0
"npem",294,0,0,4,0,0,0
"ccmm",295,0,0,4,0,0,0
"ldm",295,0,1,4,0,0,0
"microbvs",295,0,4,4,0,0,0
"medzim",295,0,2,4,0,0,0
"npem",295,0,0,4,0,0,0
"ccmm",296,0,2,4,0,0,0
"ldm",296,0,1,4,0,0,0
"hima",296,0,0,4,0,0,0
"microbvs",296,1,3,3,0.25,0.25,0.25
"medzim",296,0,2,4,0,0,0
"npem",296,0,0,4,0,0,0
"ccmm",297,0,1,4,0,0,0
"ldm",297,0,1,4,0,0,0
"microbvs",297,1,3,3,0.25,0.25,0.25
"medzim",297,0,0,4,0,0,0
"npem",297,0,0,4,0,0,0
"ccmm",298,0,2,4,0,0,0
"ldm",298,0,3,4,0,0,0
"hima",298,0,0,4,0,0,0
"microbvs",298,2,4,2,0.333333333333333,0.5,0.4
"medzim",298,1,3,3,0.25,0.25,0.25
"npem",298,0,0,4,0,0,0
"ccmm",299,0,0,4,0,0,0
"ldm",299,0,2,4,0,0,0
"hima",299,0,1,4,0,0,0
"microbvs",299,2,8,2,0.2,0.5,0.285714285714286
"medzim",299,0,1,4,0,0,0
"npem",299,0,0,4,0,0,0
"ccmm",300,0,3,4,0,0,0
"ldm",300,0,1,4,0,0,0
"hima",300,0,0,4,0,0,0
"microbvs",300,1,3,3,0.25,0.25,0.25
"medzim",300,0,1,4,0,0,0
"npem",300,0,0,4,0,0,0
"ccmm",301,0,1,4,0,0,0
"ldm",301,0,1,4,0,0,0
"hima",301,0,0,4,0,0,0
"microbvs",301,1,3,3,0.25,0.25,0.25
"medzim",301,0,4,4,0,0,0
"npem",301,0,0,4,0,0,0
"ccmm",302,1,5,3,0.166666666666667,0.25,0.2
"ldm",302,0,1,4,0,0,0
"hima",302,0,0,4,0,0,0
"microbvs",302,0,4,4,0,0,0
"medzim",302,0,4,4,0,0,0
"npem",302,0,0,4,0,0,0
"ccmm",303,0,4,4,0,0,0
"ldm",303,2,0,2,1,0.5,0.666666666666667
"hima",303,0,1,4,0,0,0
"microbvs",303,1,3,3,0.25,0.25,0.25
"medzim",303,1,10,3,0.0909090909090909,0.25,0.133333333333333
"npem",303,0,0,4,0,0,0
"ccmm",304,1,2,3,0.333333333333333,0.25,0.285714285714286
"ldm",304,2,0,2,1,0.5,0.666666666666667
"hima",304,0,0,4,0,0,0
"microbvs",304,1,3,3,0.25,0.25,0.25
"medzim",304,0,5,4,0,0,0
"npem",304,0,0,4,0,0,0
"ccmm",305,0,1,4,0,0,0
"ldm",305,0,2,4,0,0,0
"hima",305,0,0,4,0,0,0
"microbvs",305,1,4,3,0.2,0.25,0.222222222222222
"medzim",305,0,0,4,0,0,0
"npem",305,0,0,4,0,0,0
"ccmm",306,1,3,3,0.25,0.25,0.25
"ldm",306,2,1,2,0.666666666666667,0.5,0.571428571428572
"microbvs",306,1,5,3,0.166666666666667,0.25,0.2
"medzim",306,0,9,4,0,0,0
"npem",306,0,0,4,0,0,0
"ccmm",307,0,2,4,0,0,0
"ldm",307,0,1,4,0,0,0
"hima",307,0,0,4,0,0,0
"microbvs",307,3,9,1,0.25,0.75,0.375
"medzim",307,0,0,4,0,0,0
"npem",307,0,0,4,0,0,0
"ccmm",308,0,0,4,0,0,0
"ldm",308,0,1,4,0,0,0
"hima",308,0,0,4,0,0,0
"microbvs",308,2,14,2,0.125,0.5,0.2
"medzim",308,0,1,4,0,0,0
"npem",308,0,0,4,0,0,0
"ccmm",309,0,0,4,0,0,0
"ldm",309,0,2,4,0,0,0
"hima",309,0,0,4,0,0,0
"microbvs",309,2,11,2,0.153846153846154,0.5,0.235294117647059
"medzim",309,0,2,4,0,0,0
"npem",309,0,0,4,0,0,0
"ccmm",310,0,1,4,0,0,0
"ldm",310,0,2,4,0,0,0
"microbvs",310,4,13,0,0.235294117647059,1,0.380952380952381
"medzim",310,0,3,4,0,0,0
"npem",310,0,0,4,0,0,0
"ccmm",311,0,1,4,0,0,0
"ldm",311,0,2,4,0,0,0
"hima",311,0,0,4,0,0,0
"microbvs",311,0,4,4,0,0,0
"medzim",311,0,0,4,0,0,0
"npem",311,0,0,4,0,0,0
"ccmm",312,0,0,4,0,0,0
"ldm",312,0,5,4,0,0,0
"hima",312,0,0,4,0,0,0
"microbvs",312,1,3,3,0.25,0.25,0.25
"medzim",312,0,2,4,0,0,0
"npem",312,0,0,4,0,0,0
"ccmm",313,0,1,4,0,0,0
"ldm",313,0,0,4,0,0,0
"microbvs",313,2,10,2,0.166666666666667,0.5,0.25
"medzim",313,0,0,4,0,0,0
"npem",313,0,0,4,0,0,0
"ccmm",314,2,3,2,0.4,0.5,0.444444444444444
"ldm",314,2,0,2,1,0.5,0.666666666666667
"hima",314,1,0,3,1,0.25,0.4
"microbvs",314,1,10,3,0.0909090909090909,0.25,0.133333333333333
"medzim",314,2,0,2,1,0.5,0.666666666666667
"npem",314,1,1,3,0.5,0.25,0.333333333333333
"ccmm",315,0,0,4,0,0,0
"ldm",315,0,4,4,0,0,0
"microbvs",315,1,9,3,0.1,0.25,0.142857142857143
"medzim",315,0,3,4,0,0,0
"npem",315,0,0,4,0,0,0
"ccmm",316,2,1,2,0.666666666666667,0.5,0.571428571428572
"ldm",316,1,4,3,0.2,0.25,0.222222222222222
"microbvs",316,0,4,4,0,0,0
"medzim",316,0,0,4,0,0,0
"npem",316,0,0,4,0,0,0
"ccmm",317,0,0,4,0,0,0
"ldm",317,0,1,4,0,0,0
"microbvs",317,1,9,3,0.1,0.25,0.142857142857143
"medzim",317,1,1,3,0.5,0.25,0.333333333333333
"npem",317,0,0,4,0,0,0
"ccmm",318,3,6,1,0.333333333333333,0.75,0.461538461538462
"ldm",318,2,0,2,1,0.5,0.666666666666667
"hima",318,1,1,3,0.5,0.25,0.333333333333333
"microbvs",318,0,5,4,0,0,0
"medzim",318,2,0,2,1,0.5,0.666666666666667
"npem",318,0,0,4,0,0,0
"ccmm",319,2,0,2,1,0.5,0.666666666666667
"ldm",319,0,1,4,0,0,0
"hima",319,0,0,4,0,0,0
"microbvs",319,2,8,2,0.2,0.5,0.285714285714286
"medzim",319,0,1,4,0,0,0
"npem",319,0,1,4,0,0,0
"ccmm",320,1,3,3,0.25,0.25,0.25
"ldm",320,2,8,2,0.2,0.5,0.285714285714286
"hima",320,0,0,4,0,0,0
"microbvs",320,1,5,3,0.166666666666667,0.25,0.2
"medzim",320,0,1,4,0,0,0
"npem",320,0,0,4,0,0,0
"ccmm",321,0,0,4,0,0,0
"ldm",321,0,2,4,0,0,0
"hima",321,0,0,4,0,0,0
"microbvs",321,1,3,3,0.25,0.25,0.25
"medzim",321,0,2,4,0,0,0
"npem",321,0,0,4,0,0,0
"ccmm",322,0,2,4,0,0,0
"ldm",322,1,2,3,0.333333333333333,0.25,0.285714285714286
"hima",322,0,0,4,0,0,0
"microbvs",322,2,2,2,0.5,0.5,0.5
"medzim",322,0,0,4,0,0,0
"npem",322,0,0,4,0,0,0
"ccmm",323,0,2,4,0,0,0
"ldm",323,0,1,4,0,0,0
"hima",323,0,0,4,0,0,0
"microbvs",323,1,9,3,0.1,0.25,0.142857142857143
"medzim",323,0,5,4,0,0,0
"npem",323,0,0,4,0,0,0
"ccmm",324,1,3,3,0.25,0.25,0.25
"ldm",324,1,3,3,0.25,0.25,0.25
"hima",324,0,0,4,0,0,0
"microbvs",324,1,4,3,0.2,0.25,0.222222222222222
"medzim",324,1,2,3,0.333333333333333,0.25,0.285714285714286
"npem",324,0,0,4,0,0,0
"ccmm",325,1,5,3,0.166666666666667,0.25,0.2
"ldm",325,2,3,2,0.4,0.5,0.444444444444444
"hima",325,0,1,4,0,0,0
"microbvs",325,0,4,4,0,0,0
"medzim",325,0,15,4,0,0,0
"npem",325,0,0,4,0,0,0
"ccmm",326,0,3,4,0,0,0
"ldm",326,0,2,4,0,0,0
"microbvs",326,0,4,4,0,0,0
"medzim",326,0,0,4,0,0,0
"npem",326,0,1,4,0,0,0
"ccmm",327,1,2,3,0.333333333333333,0.25,0.285714285714286
"ldm",327,2,0,2,1,0.5,0.666666666666667
"hima",327,0,0,4,0,0,0
"microbvs",327,0,4,4,0,0,0
"medzim",327,0,1,4,0,0,0
"npem",327,0,1,4,0,0,0
"ccmm",328,0,0,4,0,0,0
"ldm",328,0,4,4,0,0,0
"hima",328,0,0,4,0,0,0
"microbvs",328,2,4,2,0.333333333333333,0.5,0.4
"medzim",328,0,2,4,0,0,0
"npem",328,0,0,4,0,0,0
"ccmm",329,1,3,3,0.25,0.25,0.25
"ldm",329,0,3,4,0,0,0
"hima",329,0,0,4,0,0,0
"microbvs",329,2,3,2,0.4,0.5,0.444444444444444
"medzim",329,0,0,4,0,0,0
"npem",329,0,0,4,0,0,0
"ccmm",330,0,5,4,0,0,0
"ldm",330,0,1,4,0,0,0
"hima",330,0,0,4,0,0,0
"microbvs",330,0,4,4,0,0,0
"medzim",330,0,2,4,0,0,0
"npem",330,0,0,4,0,0,0
"ccmm",331,1,3,3,0.25,0.25,0.25
"ldm",331,2,0,2,1,0.5,0.666666666666667
"hima",331,0,0,4,0,0,0
"microbvs",331,1,3,3,0.25,0.25,0.25
"medzim",331,2,5,2,0.285714285714286,0.5,0.363636363636364
"npem",331,0,0,4,0,0,0
"ccmm",332,1,4,3,0.2,0.25,0.222222222222222
"ldm",332,0,1,4,0,0,0
"hima",332,0,0,4,0,0,0
"microbvs",332,1,3,3,0.25,0.25,0.25
"medzim",332,0,0,4,0,0,0
"npem",332,0,0,4,0,0,0
"ccmm",333,0,1,4,0,0,0
"ldm",333,2,1,2,0.666666666666667,0.5,0.571428571428572
"hima",333,0,0,4,0,0,0
"microbvs",333,1,3,3,0.25,0.25,0.25
"medzim",333,1,2,3,0.333333333333333,0.25,0.285714285714286
"npem",333,0,0,4,0,0,0
"ccmm",334,0,1,4,0,0,0
"ldm",334,0,6,4,0,0,0
"hima",334,0,0,4,0,0,0
"microbvs",334,1,3,3,0.25,0.25,0.25
"medzim",334,0,5,4,0,0,0
"npem",334,0,0,4,0,0,0
"ccmm",335,0,0,4,0,0,0
"ldm",335,0,7,4,0,0,0
"hima",335,0,0,4,0,0,0
"microbvs",335,3,8,1,0.272727272727273,0.75,0.4
"medzim",335,0,5,4,0,0,0
"npem",335,0,0,4,0,0,0
"ccmm",336,0,4,4,0,0,0
"ldm",336,1,1,3,0.5,0.25,0.333333333333333
"hima",336,0,0,4,0,0,0
"microbvs",336,1,9,3,0.1,0.25,0.142857142857143
"medzim",336,0,0,4,0,0,0
"npem",336,0,0,4,0,0,0
"ccmm",337,0,2,4,0,0,0
"ldm",337,0,1,4,0,0,0
"hima",337,0,0,4,0,0,0
"microbvs",337,1,3,3,0.25,0.25,0.25
"medzim",337,0,1,4,0,0,0
"npem",337,0,0,4,0,0,0
"ccmm",338,0,2,4,0,0,0
"ldm",338,2,3,2,0.4,0.5,0.444444444444444
"microbvs",338,1,10,3,0.0909090909090909,0.25,0.133333333333333
"medzim",338,0,11,4,0,0,0
"npem",338,0,0,4,0,0,0
"ccmm",339,1,4,3,0.2,0.25,0.222222222222222
"ldm",339,0,1,4,0,0,0
"hima",339,0,0,4,0,0,0
"microbvs",339,2,3,2,0.4,0.5,0.444444444444444
"medzim",339,0,0,4,0,0,0
"npem",339,0,0,4,0,0,0
"ccmm",340,1,1,3,0.5,0.25,0.333333333333333
"ldm",340,0,3,4,0,0,0
"microbvs",340,1,3,3,0.25,0.25,0.25
"medzim",340,0,1,4,0,0,0
"npem",340,0,0,4,0,0,0
"ccmm",341,0,2,4,0,0,0
"ldm",341,0,6,4,0,0,0
"hima",341,0,0,4,0,0,0
"microbvs",341,2,9,2,0.181818181818182,0.5,0.266666666666667
"medzim",341,0,1,4,0,0,0
"npem",341,0,0,4,0,0,0
"ccmm",342,1,2,3,0.333333333333333,0.25,0.285714285714286
"ldm",342,0,1,4,0,0,0
"hima",342,0,1,4,0,0,0
"microbvs",342,0,4,4,0,0,0
"medzim",342,0,0,4,0,0,0
"npem",342,0,0,4,0,0,0
"ccmm",343,0,0,4,0,0,0
"ldm",343,0,1,4,0,0,0
"hima",343,0,0,4,0,0,0
"microbvs",343,0,5,4,0,0,0
"medzim",343,0,1,4,0,0,0
"npem",343,0,0,4,0,0,0
"ccmm",344,1,2,3,0.333333333333333,0.25,0.285714285714286
"ldm",344,2,0,2,1,0.5,0.666666666666667
"hima",344,1,0,3,1,0.25,0.4
"microbvs",344,1,3,3,0.25,0.25,0.25
"medzim",344,0,12,4,0,0,0
"npem",344,0,0,4,0,0,0
"ccmm",345,0,0,4,0,0,0
"ldm",345,0,1,4,0,0,0
"hima",345,0,0,4,0,0,0
"microbvs",345,1,4,3,0.2,0.25,0.222222222222222
"medzim",345,0,1,4,0,0,0
"npem",345,0,0,4,0,0,0
"ccmm",346,1,2,3,0.333333333333333,0.25,0.285714285714286
"ldm",346,2,0,2,1,0.5,0.666666666666667
"microbvs",346,2,2,2,0.5,0.5,0.5
"medzim",346,0,7,4,0,0,0
"npem",346,0,0,4,0,0,0
"ccmm",347,0,2,4,0,0,0
"ldm",347,0,4,4,0,0,0
"hima",347,0,0,4,0,0,0
"microbvs",347,0,4,4,0,0,0
"medzim",347,0,4,4,0,0,0
"npem",347,0,0,4,0,0,0
"ccmm",348,0,0,4,0,0,0
"ldm",348,0,2,4,0,0,0
"hima",348,0,0,4,0,0,0
"microbvs",348,3,9,1,0.25,0.75,0.375
"medzim",348,0,1,4,0,0,0
"npem",348,0,0,4,0,0,0
"ccmm",349,1,4,3,0.2,0.25,0.222222222222222
"ldm",349,0,2,4,0,0,0
"hima",349,0,1,4,0,0,0
"microbvs",349,0,4,4,0,0,0
"medzim",349,0,2,4,0,0,0
"npem",349,0,0,4,0,0,0
"ccmm",350,0,1,4,0,0,0
"ldm",350,0,1,4,0,0,0
"hima",350,0,0,4,0,0,0
"microbvs",350,2,8,2,0.2,0.5,0.285714285714286
"medzim",350,0,1,4,0,0,0
"npem",350,0,0,4,0,0,0
"ccmm",351,1,0,3,1,0.25,0.4
"ldm",351,2,0,2,1,0.5,0.666666666666667
"hima",351,0,0,4,0,0,0
"microbvs",351,1,4,3,0.2,0.25,0.222222222222222
"medzim",351,0,11,4,0,0,0
"npem",351,0,0,4,0,0,0
"ccmm",352,0,0,4,0,0,0
"ldm",352,0,2,4,0,0,0
"hima",352,0,0,4,0,0,0
"microbvs",352,0,4,4,0,0,0
"medzim",352,0,2,4,0,0,0
"npem",352,0,0,4,0,0,0
"ccmm",353,0,0,4,0,0,0
"ldm",353,0,3,4,0,0,0
"hima",353,0,1,4,0,0,0
"microbvs",353,3,12,1,0.2,0.75,0.315789473684211
"medzim",353,0,2,4,0,0,0
"npem",353,0,0,4,0,0,0
"ccmm",354,0,0,4,0,0,0
"ldm",354,1,0,3,1,0.25,0.4
"hima",354,0,0,4,0,0,0
"microbvs",354,2,8,2,0.2,0.5,0.285714285714286
"medzim",354,0,0,4,0,0,0
"npem",354,0,0,4,0,0,0
"ccmm",355,1,4,3,0.2,0.25,0.222222222222222
"ldm",355,1,1,3,0.5,0.25,0.333333333333333
"hima",355,0,0,4,0,0,0
"microbvs",355,1,3,3,0.25,0.25,0.25
"medzim",355,0,2,4,0,0,0
"npem",355,0,0,4,0,0,0
"ccmm",356,0,3,4,0,0,0
"ldm",356,2,7,2,0.222222222222222,0.5,0.307692307692308
"hima",356,0,0,4,0,0,0
"microbvs",356,1,3,3,0.25,0.25,0.25
"medzim",356,0,9,4,0,0,0
"npem",356,0,0,4,0,0,0
"ccmm",357,0,3,4,0,0,0
"ldm",357,0,1,4,0,0,0
"hima",357,0,0,4,0,0,0
"microbvs",357,1,3,3,0.25,0.25,0.25
"medzim",357,0,2,4,0,0,0
"npem",357,0,0,4,0,0,0
"ccmm",358,0,2,4,0,0,0
"ldm",358,2,4,2,0.333333333333333,0.5,0.4
"hima",358,0,0,4,0,0,0
"microbvs",358,1,3,3,0.25,0.25,0.25
"medzim",358,0,7,4,0,0,0
"npem",358,0,0,4,0,0,0
"ccmm",359,1,0,3,1,0.25,0.4
"ldm",359,1,1,3,0.5,0.25,0.333333333333333
"hima",359,0,0,4,0,0,0
"microbvs",359,1,3,3,0.25,0.25,0.25
"medzim",359,0,5,4,0,0,0
"npem",359,0,0,4,0,0,0
"ccmm",360,0,2,4,0,0,0
"ldm",360,0,4,4,0,0,0
"hima",360,0,0,4,0,0,0
"microbvs",360,4,7,0,0.363636363636364,1,0.533333333333333
"medzim",360,0,2,4,0,0,0
"npem",360,0,0,4,0,0,0
"ccmm",361,0,1,4,0,0,0
"ldm",361,0,2,4,0,0,0
"hima",361,0,0,4,0,0,0
"microbvs",361,2,2,2,0.5,0.5,0.5
"medzim",361,0,1,4,0,0,0
"npem",361,0,0,4,0,0,0
"ccmm",362,0,1,4,0,0,0
"ldm",362,2,3,2,0.4,0.5,0.444444444444444
"hima",362,0,0,4,0,0,0
"microbvs",362,1,3,3,0.25,0.25,0.25
"medzim",362,0,1,4,0,0,0
"npem",362,0,0,4,0,0,0
"ccmm",363,0,0,4,0,0,0
"ldm",363,0,1,4,0,0,0
"hima",363,0,0,4,0,0,0
"microbvs",363,3,1,1,0.75,0.75,0.75
"medzim",363,0,0,4,0,0,0
"npem",363,0,0,4,0,0,0
"ccmm",364,1,2,3,0.333333333333333,0.25,0.285714285714286
"ldm",364,0,2,4,0,0,0
"hima",364,0,0,4,0,0,0
"microbvs",364,4,7,0,0.363636363636364,1,0.533333333333333
"medzim",364,0,2,4,0,0,0
"npem",364,0,0,4,0,0,0
"ccmm",365,0,1,4,0,0,0
"ldm",365,1,0,3,1,0.25,0.4
"hima",365,0,0,4,0,0,0
"microbvs",365,2,2,2,0.5,0.5,0.5
"medzim",365,0,0,4,0,0,0
"npem",365,0,0,4,0,0,0
"ccmm",366,2,3,2,0.4,0.5,0.444444444444444
"ldm",366,0,2,4,0,0,0
"hima",366,0,0,4,0,0,0
"microbvs",366,0,4,4,0,0,0
"medzim",366,0,2,4,0,0,0
"npem",366,0,0,4,0,0,0
"ccmm",367,0,2,4,0,0,0
"ldm",367,0,1,4,0,0,0
"hima",367,0,0,4,0,0,0
"microbvs",367,1,3,3,0.25,0.25,0.25
"medzim",367,0,0,4,0,0,0
"npem",367,0,0,4,0,0,0
"ccmm",368,0,4,4,0,0,0
"ldm",368,2,1,2,0.666666666666667,0.5,0.571428571428572
"hima",368,0,1,4,0,0,0
"microbvs",368,1,3,3,0.25,0.25,0.25
"medzim",368,1,4,3,0.2,0.25,0.222222222222222
"npem",368,0,0,4,0,0,0
"ccmm",369,1,1,3,0.5,0.25,0.333333333333333
"ldm",369,1,0,3,1,0.25,0.4
"hima",369,0,0,4,0,0,0
"microbvs",369,4,13,0,0.235294117647059,1,0.380952380952381
"medzim",369,0,1,4,0,0,0
"npem",369,0,0,4,0,0,0
"ccmm",370,0,2,4,0,0,0
"ldm",370,0,3,4,0,0,0
"hima",370,0,0,4,0,0,0
"microbvs",370,1,3,3,0.25,0.25,0.25
"medzim",370,0,0,4,0,0,0
"npem",370,0,0,4,0,0,0
"ccmm",371,0,1,4,0,0,0
"ldm",371,0,1,4,0,0,0
"microbvs",371,4,12,0,0.25,1,0.4
"medzim",371,0,3,4,0,0,0
"npem",371,0,0,4,0,0,0
"ccmm",372,0,0,4,0,0,0
"ldm",372,2,1,2,0.666666666666667,0.5,0.571428571428572
"hima",372,2,0,2,1,0.5,0.666666666666667
"microbvs",372,0,5,4,0,0,0
"medzim",372,0,6,4,0,0,0
"npem",372,0,0,4,0,0,0
"ccmm",373,1,0,3,1,0.25,0.4
"ldm",373,0,1,4,0,0,0
"hima",373,0,0,4,0,0,0
"microbvs",373,3,8,1,0.272727272727273,0.75,0.4
"medzim",373,1,2,3,0.333333333333333,0.25,0.285714285714286
"npem",373,0,0,4,0,0,0
"ccmm",374,0,4,4,0,0,0
"ldm",374,0,2,4,0,0,0
"hima",374,0,0,4,0,0,0
"microbvs",374,3,8,1,0.272727272727273,0.75,0.4
"medzim",374,0,2,4,0,0,0
"npem",374,0,0,4,0,0,0
"ccmm",375,1,2,3,0.333333333333333,0.25,0.285714285714286
"ldm",375,0,1,4,0,0,0
"hima",375,0,0,4,0,0,0
"microbvs",375,2,8,2,0.2,0.5,0.285714285714286
"medzim",375,0,0,4,0,0,0
"npem",375,0,1,4,0,0,0
"ccmm",376,0,0,4,0,0,0
"ldm",376,0,5,4,0,0,0
"hima",376,0,0,4,0,0,0
"microbvs",376,4,10,0,0.285714285714286,1,0.444444444444444
"medzim",376,0,2,4,0,0,0
"npem",376,0,0,4,0,0,0
"ccmm",377,0,3,4,0,0,0
"ldm",377,2,1,2,0.666666666666667,0.5,0.571428571428572
"hima",377,0,0,4,0,0,0
"microbvs",377,1,3,3,0.25,0.25,0.25
"medzim",377,0,3,4,0,0,0
"npem",377,0,0,4,0,0,0
"ccmm",378,0,1,4,0,0,0
"ldm",378,0,2,4,0,0,0
"hima",378,0,0,4,0,0,0
"microbvs",378,0,4,4,0,0,0
"medzim",378,0,4,4,0,0,0
"npem",378,0,0,4,0,0,0
"ccmm",379,0,3,4,0,0,0
"ldm",379,0,4,4,0,0,0
"hima",379,0,0,4,0,0,0
"microbvs",379,1,3,3,0.25,0.25,0.25
"medzim",379,0,1,4,0,0,0
"npem",379,0,0,4,0,0,0
"ccmm",380,1,3,3,0.25,0.25,0.25
"ldm",380,0,1,4,0,0,0
"hima",380,0,2,4,0,0,0
"microbvs",380,1,3,3,0.25,0.25,0.25
"medzim",380,0,0,4,0,0,0
"npem",380,0,0,4,0,0,0
"ccmm",381,0,2,4,0,0,0
"ldm",381,1,1,3,0.5,0.25,0.333333333333333
"hima",381,0,1,4,0,0,0
"microbvs",381,2,2,2,0.5,0.5,0.5
"medzim",381,0,4,4,0,0,0
"npem",381,0,0,4,0,0,0
"ccmm",382,0,1,4,0,0,0
"ldm",382,0,1,4,0,0,0
"hima",382,0,1,4,0,0,0
"microbvs",382,3,7,1,0.3,0.75,0.428571428571428
"medzim",382,0,0,4,0,0,0
"npem",382,0,0,4,0,0,0
"ccmm",383,1,2,3,0.333333333333333,0.25,0.285714285714286
"ldm",383,2,8,2,0.2,0.5,0.285714285714286
"microbvs",383,1,3,3,0.25,0.25,0.25
"medzim",383,0,6,4,0,0,0
"npem",383,0,0,4,0,0,0
"ccmm",384,1,2,3,0.333333333333333,0.25,0.285714285714286
"ldm",384,0,3,4,0,0,0
"microbvs",384,1,3,3,0.25,0.25,0.25
"medzim",384,0,1,4,0,0,0
"npem",384,0,0,4,0,0,0
"ccmm",385,0,0,4,0,0,0
"ldm",385,0,1,4,0,0,0
"microbvs",385,2,11,2,0.153846153846154,0.5,0.235294117647059
"medzim",385,0,0,4,0,0,0
"npem",385,0,2,4,0,0,0
"ccmm",386,0,0,4,0,0,0
"ldm",386,0,1,4,0,0,0
"microbvs",386,1,3,3,0.25,0.25,0.25
"medzim",386,0,2,4,0,0,0
"npem",386,0,0,4,0,0,0
"ccmm",387,1,4,3,0.2,0.25,0.222222222222222
"ldm",387,0,2,4,0,0,0
"hima",387,0,1,4,0,0,0
"microbvs",387,1,0,3,1,0.25,0.4
"medzim",387,0,4,4,0,0,0
"npem",387,0,0,4,0,0,0
"ccmm",388,0,1,4,0,0,0
"ldm",388,0,1,4,0,0,0
"hima",388,0,0,4,0,0,0
"microbvs",388,0,4,4,0,0,0
"medzim",388,0,0,4,0,0,0
"npem",388,0,0,4,0,0,0
"ccmm",389,0,0,4,0,0,0
"ldm",389,0,1,4,0,0,0
"microbvs",389,1,4,3,0.2,0.25,0.222222222222222
"medzim",389,0,2,4,0,0,0
"npem",389,0,0,4,0,0,0
"ccmm",390,0,4,4,0,0,0
"ldm",390,0,3,4,0,0,0
"hima",390,0,0,4,0,0,0
"microbvs",390,2,2,2,0.5,0.5,0.5
"medzim",390,0,1,4,0,0,0
"npem",390,0,0,4,0,0,0
"ccmm",391,1,0,3,1,0.25,0.4
"ldm",391,0,6,4,0,0,0
"hima",391,0,0,4,0,0,0
"microbvs",391,2,2,2,0.5,0.5,0.5
"medzim",391,0,4,4,0,0,0
"npem",391,0,0,4,0,0,0
"ccmm",392,1,3,3,0.25,0.25,0.25
"ldm",392,0,2,4,0,0,0
"hima",392,0,1,4,0,0,0
"microbvs",392,2,7,2,0.222222222222222,0.5,0.307692307692308
"medzim",392,0,0,4,0,0,0
"npem",392,0,0,4,0,0,0
"ccmm",393,0,2,4,0,0,0
"ldm",393,1,0,3,1,0.25,0.4
"hima",393,0,1,4,0,0,0
"microbvs",393,2,2,2,0.5,0.5,0.5
"medzim",393,1,7,3,0.125,0.25,0.166666666666667
"npem",393,0,0,4,0,0,0
"ccmm",394,1,3,3,0.25,0.25,0.25
"ldm",394,0,0,4,0,0,0
"hima",394,0,0,4,0,0,0
"microbvs",394,1,4,3,0.2,0.25,0.222222222222222
"medzim",394,1,0,3,1,0.25,0.4
"npem",394,0,0,4,0,0,0
"ccmm",395,1,3,3,0.25,0.25,0.25
"ldm",395,1,2,3,0.333333333333333,0.25,0.285714285714286
"hima",395,0,0,4,0,0,0
"microbvs",395,1,3,3,0.25,0.25,0.25
"medzim",395,0,1,4,0,0,0
"npem",395,0,0,4,0,0,0
"ccmm",396,0,0,4,0,0,0
"ldm",396,0,2,4,0,0,0
"microbvs",396,0,4,4,0,0,0
"medzim",396,0,1,4,0,0,0
"npem",396,0,0,4,0,0,0
"ccmm",397,0,1,4,0,0,0
"ldm",397,0,4,4,0,0,0
"hima",397,0,0,4,0,0,0
"microbvs",397,3,8,1,0.272727272727273,0.75,0.4
"medzim",397,0,0,4,0,0,0
"npem",397,0,0,4,0,0,0
"ccmm",398,0,1,4,0,0,0
"ldm",398,0,4,4,0,0,0
"hima",398,0,1,4,0,0,0
"microbvs",398,2,2,2,0.5,0.5,0.5
"medzim",398,0,1,4,0,0,0
"npem",398,0,0,4,0,0,0
"ccmm",399,0,0,4,0,0,0
"ldm",399,0,1,4,0,0,0
"hima",399,0,0,4,0,0,0
"microbvs",399,3,9,1,0.25,0.75,0.375
"medzim",399,0,1,4,0,0,0
"npem",399,0,0,4,0,0,0
"ccmm",400,1,1,3,0.5,0.25,0.333333333333333
"ldm",400,0,1,4,0,0,0
"hima",400,0,0,4,0,0,0
"microbvs",400,3,9,1,0.25,0.75,0.375
"medzim",400,0,2,4,0,0,0
"npem",400,0,0,4,0,0,0
"ccmm",401,0,3,4,0,0,0
"ldm",401,2,0,2,1,0.5,0.666666666666667
"hima",401,0,0,4,0,0,0
"microbvs",401,1,3,3,0.25,0.25,0.25
"medzim",401,0,1,4,0,0,0
"npem",401,0,0,4,0,0,0
"ccmm",402,0,3,4,0,0,0
"ldm",402,0,1,4,0,0,0
"hima",402,0,0,4,0,0,0
"microbvs",402,3,8,1,0.272727272727273,0.75,0.4
"medzim",402,0,3,4,0,0,0
"npem",402,0,0,4,0,0,0
"ccmm",403,1,3,3,0.25,0.25,0.25
"ldm",403,0,1,4,0,0,0
"hima",403,0,1,4,0,0,0
"microbvs",403,2,8,2,0.2,0.5,0.285714285714286
"medzim",403,0,0,4,0,0,0
"npem",403,0,0,4,0,0,0
"ccmm",404,0,4,4,0,0,0
"ldm",404,1,0,3,1,0.25,0.4
"hima",404,0,0,4,0,0,0
"microbvs",404,0,4,4,0,0,0
"medzim",404,0,15,4,0,0,0
"npem",404,0,0,4,0,0,0
"ccmm",405,0,0,4,0,0,0
"ldm",405,0,1,4,0,0,0
"hima",405,0,0,4,0,0,0
"microbvs",405,0,4,4,0,0,0
"medzim",405,1,0,3,1,0.25,0.4
"npem",405,0,0,4,0,0,0
"ccmm",406,1,1,3,0.5,0.25,0.333333333333333
"ldm",406,1,1,3,0.5,0.25,0.333333333333333
"hima",406,0,0,4,0,0,0
"microbvs",406,1,3,3,0.25,0.25,0.25
"medzim",406,0,0,4,0,0,0
"npem",406,0,0,4,0,0,0
"ccmm",407,0,4,4,0,0,0
"ldm",407,3,8,1,0.272727272727273,0.75,0.4
"hima",407,0,1,4,0,0,0
"microbvs",407,1,4,3,0.2,0.25,0.222222222222222
"medzim",407,0,15,4,0,0,0
"npem",407,0,0,4,0,0,0
"ccmm",408,0,1,4,0,0,0
"ldm",408,2,7,2,0.222222222222222,0.5,0.307692307692308
"hima",408,0,0,4,0,0,0
"microbvs",408,1,11,3,0.0833333333333333,0.25,0.125
"medzim",408,0,16,4,0,0,0
"npem",408,0,0,4,0,0,0
"ccmm",409,0,2,4,0,0,0
"ldm",409,2,0,2,1,0.5,0.666666666666667
"hima",409,0,2,4,0,0,0
"microbvs",409,0,5,4,0,0,0
"medzim",409,1,0,3,1,0.25,0.4
"npem",409,0,0,4,0,0,0
"ccmm",410,0,2,4,0,0,0
"ldm",410,0,1,4,0,0,0
"hima",410,0,0,4,0,0,0
"microbvs",410,0,6,4,0,0,0
"medzim",410,0,7,4,0,0,0
"npem",410,0,0,4,0,0,0
"ccmm",411,1,2,3,0.333333333333333,0.25,0.285714285714286
"ldm",411,0,0,4,0,0,0
"microbvs",411,2,10,2,0.166666666666667,0.5,0.25
"medzim",411,0,0,4,0,0,0
"npem",411,0,0,4,0,0,0
"ccmm",412,1,0,3,1,0.25,0.4
"ldm",412,0,3,4,0,0,0
"hima",412,1,1,3,0.5,0.25,0.333333333333333
"microbvs",412,3,12,1,0.2,0.75,0.315789473684211
"medzim",412,0,0,4,0,0,0
"npem",412,0,0,4,0,0,0
"ccmm",413,0,0,4,0,0,0
"ldm",413,0,0,4,0,0,0
"microbvs",413,3,12,1,0.2,0.75,0.315789473684211
"medzim",413,0,0,4,0,0,0
"npem",413,0,0,4,0,0,0
"ccmm",414,1,2,3,0.333333333333333,0.25,0.285714285714286
"ldm",414,2,0,2,1,0.5,0.666666666666667
"hima",414,2,0,2,1,0.5,0.666666666666667
"microbvs",414,2,4,2,0.333333333333333,0.5,0.4
"medzim",414,2,0,2,1,0.5,0.666666666666667
"npem",414,0,0,4,0,0,0
"ccmm",415,0,2,4,0,0,0
"ldm",415,0,2,4,0,0,0
"hima",415,0,2,4,0,0,0
"microbvs",415,1,3,3,0.25,0.25,0.25
"medzim",415,0,0,4,0,0,0
"npem",415,0,1,4,0,0,0
"ccmm",416,0,1,4,0,0,0
"ldm",416,0,3,4,0,0,0
"hima",416,0,0,4,0,0,0
"microbvs",416,2,5,2,0.285714285714286,0.5,0.363636363636364
"medzim",416,0,0,4,0,0,0
"npem",416,0,0,4,0,0,0
"ccmm",417,1,1,3,0.5,0.25,0.333333333333333
"ldm",417,0,2,4,0,0,0
"hima",417,1,0,3,1,0.25,0.4
"microbvs",417,2,2,2,0.5,0.5,0.5
"medzim",417,0,7,4,0,0,0
"npem",417,0,0,4,0,0,0
"ccmm",418,0,3,4,0,0,0
"ldm",418,0,4,4,0,0,0
"hima",418,0,0,4,0,0,0
"microbvs",418,2,9,2,0.181818181818182,0.5,0.266666666666667
"medzim",418,0,1,4,0,0,0
"npem",418,0,0,4,0,0,0
"ccmm",419,0,4,4,0,0,0
"ldm",419,0,1,4,0,0,0
"hima",419,0,0,4,0,0,0
"microbvs",419,1,3,3,0.25,0.25,0.25
"medzim",419,0,7,4,0,0,0
"npem",419,0,0,4,0,0,0
"ccmm",420,0,1,4,0,0,0
"ldm",420,0,3,4,0,0,0
"microbvs",420,4,7,0,0.363636363636364,1,0.533333333333333
"medzim",420,0,0,4,0,0,0
"npem",420,0,1,4,0,0,0
"ccmm",421,1,4,3,0.2,0.25,0.222222222222222
"ldm",421,0,1,4,0,0,0
"hima",421,0,1,4,0,0,0
"microbvs",421,1,4,3,0.2,0.25,0.222222222222222
"medzim",421,0,0,4,0,0,0
"npem",421,0,0,4,0,0,0
"ccmm",422,1,0,3,1,0.25,0.4
"ldm",422,1,1,3,0.5,0.25,0.333333333333333
"hima",422,0,0,4,0,0,0
"microbvs",422,1,9,3,0.1,0.25,0.142857142857143
"medzim",422,0,11,4,0,0,0
"npem",422,0,0,4,0,0,0
"ccmm",423,0,2,4,0,0,0
"ldm",423,2,0,2,1,0.5,0.666666666666667
"hima",423,0,0,4,0,0,0
"microbvs",423,2,2,2,0.5,0.5,0.5
"medzim",423,0,11,4,0,0,0
"npem",423,0,0,4,0,0,0
"ccmm",424,2,4,2,0.333333333333333,0.5,0.4
"ldm",424,0,1,4,0,0,0
"hima",424,0,1,4,0,0,0
"microbvs",424,1,3,3,0.25,0.25,0.25
"medzim",424,1,3,3,0.25,0.25,0.25
"npem",424,0,0,4,0,0,0
"ccmm",425,0,3,4,0,0,0
"ldm",425,1,0,3,1,0.25,0.4
"hima",425,0,0,4,0,0,0
"microbvs",425,3,11,1,0.214285714285714,0.75,0.333333333333333
"medzim",425,0,7,4,0,0,0
"npem",425,0,0,4,0,0,0
"ccmm",426,0,1,4,0,0,0
"ldm",426,0,1,4,0,0,0
"microbvs",426,1,3,3,0.25,0.25,0.25
"medzim",426,0,0,4,0,0,0
"npem",426,0,0,4,0,0,0
"ccmm",427,1,3,3,0.25,0.25,0.25
"ldm",427,0,1,4,0,0,0
"hima",427,0,0,4,0,0,0
"microbvs",427,3,9,1,0.25,0.75,0.375
"medzim",427,0,12,4,0,0,0
"npem",427,0,0,4,0,0,0
"ccmm",428,1,2,3,0.333333333333333,0.25,0.285714285714286
"ldm",428,0,0,4,0,0,0
"microbvs",428,0,3,4,0,0,0
"medzim",428,0,0,4,0,0,0
"npem",428,0,0,4,0,0,0
"ccmm",429,1,2,3,0.333333333333333,0.25,0.285714285714286
"ldm",429,1,1,3,0.5,0.25,0.333333333333333
"hima",429,0,1,4,0,0,0
"microbvs",429,1,9,3,0.1,0.25,0.142857142857143
"medzim",429,0,4,4,0,0,0
"npem",429,1,1,3,0.5,0.25,0.333333333333333
"ccmm",430,0,1,4,0,0,0
"ldm",430,0,1,4,0,0,0
"hima",430,0,0,4,0,0,0
"microbvs",430,2,2,2,0.5,0.5,0.5
"medzim",430,0,3,4,0,0,0
"npem",430,0,0,4,0,0,0
"ccmm",431,1,3,3,0.25,0.25,0.25
"ldm",431,0,0,4,0,0,0
"hima",431,0,0,4,0,0,0
"microbvs",431,3,9,1,0.25,0.75,0.375
"medzim",431,0,1,4,0,0,0
"npem",431,0,0,4,0,0,0
"ccmm",432,1,1,3,0.5,0.25,0.333333333333333
"ldm",432,2,0,2,1,0.5,0.666666666666667
"hima",432,0,0,4,0,0,0
"microbvs",432,1,3,3,0.25,0.25,0.25
"medzim",432,0,5,4,0,0,0
"npem",432,0,0,4,0,0,0
"ccmm",433,0,4,4,0,0,0
"ldm",433,1,2,3,0.333333333333333,0.25,0.285714285714286
"hima",433,0,1,4,0,0,0
"microbvs",433,2,2,2,0.5,0.5,0.5
"medzim",433,0,0,4,0,0,0
"npem",433,0,0,4,0,0,0
"ccmm",434,0,0,4,0,0,0
"ldm",434,0,2,4,0,0,0
"microbvs",434,1,3,3,0.25,0.25,0.25
"medzim",434,0,0,4,0,0,0
"npem",434,0,0,4,0,0,0
"ccmm",435,0,1,4,0,0,0
"ldm",435,0,1,4,0,0,0
"hima",435,0,0,4,0,0,0
"microbvs",435,2,2,2,0.5,0.5,0.5
"medzim",435,0,0,4,0,0,0
"npem",435,0,0,4,0,0,0
"ccmm",436,0,6,4,0,0,0
"ldm",436,2,4,2,0.333333333333333,0.5,0.4
"hima",436,0,2,4,0,0,0
"microbvs",436,1,3,3,0.25,0.25,0.25
"medzim",436,0,15,4,0,0,0
"npem",436,0,0,4,0,0,0
"ccmm",437,0,2,4,0,0,0
"ldm",437,2,1,2,0.666666666666667,0.5,0.571428571428572
"hima",437,0,0,4,0,0,0
"microbvs",437,0,4,4,0,0,0
"medzim",437,0,1,4,0,0,0
"npem",437,0,0,4,0,0,0
"ccmm",438,2,3,2,0.4,0.5,0.444444444444444
"ldm",438,1,1,3,0.5,0.25,0.333333333333333
"hima",438,0,2,4,0,0,0
"microbvs",438,0,1,4,0,0,0
"medzim",438,0,0,4,0,0,0
"npem",438,1,0,3,1,0.25,0.4
"ccmm",439,0,0,4,0,0,0
"ldm",439,0,1,4,0,0,0
"hima",439,0,0,4,0,0,0
"microbvs",439,2,9,2,0.181818181818182,0.5,0.266666666666667
"medzim",439,0,0,4,0,0,0
"npem",439,0,0,4,0,0,0
"ccmm",440,0,2,4,0,0,0
"ldm",440,0,1,4,0,0,0
"hima",440,0,0,4,0,0,0
"microbvs",440,1,3,3,0.25,0.25,0.25
"medzim",440,0,0,4,0,0,0
"npem",440,0,0,4,0,0,0
"ccmm",441,1,0,3,1,0.25,0.4
"ldm",441,0,2,4,0,0,0
"hima",441,1,1,3,0.5,0.25,0.333333333333333
"microbvs",441,2,2,2,0.5,0.5,0.5
"medzim",441,0,0,4,0,0,0
"npem",441,0,1,4,0,0,0
"ccmm",442,0,2,4,0,0,0
"ldm",442,0,3,4,0,0,0
"hima",442,0,1,4,0,0,0
"microbvs",442,0,4,4,0,0,0
"medzim",442,0,9,4,0,0,0
"npem",442,0,0,4,0,0,0
"ccmm",443,0,1,4,0,0,0
"ldm",443,1,0,3,1,0.25,0.4
"microbvs",443,1,9,3,0.1,0.25,0.142857142857143
"medzim",443,0,4,4,0,0,0
"npem",443,0,0,4,0,0,0
"ccmm",444,0,3,4,0,0,0
"ldm",444,0,1,4,0,0,0
"hima",444,0,1,4,0,0,0
"microbvs",444,3,8,1,0.272727272727273,0.75,0.4
"medzim",444,0,2,4,0,0,0
"npem",444,0,0,4,0,0,0
"ccmm",445,0,0,4,0,0,0
"ldm",445,0,1,4,0,0,0
"hima",445,0,0,4,0,0,0
"microbvs",445,2,6,2,0.25,0.5,0.333333333333333
"medzim",445,0,0,4,0,0,0
"npem",445,0,2,4,0,0,0
"ccmm",446,2,0,2,1,0.5,0.666666666666667
"ldm",446,1,0,3,1,0.25,0.4
"hima",446,0,0,4,0,0,0
"microbvs",446,1,10,3,0.0909090909090909,0.25,0.133333333333333
"medzim",446,0,0,4,0,0,0
"npem",446,0,2,4,0,0,0
"ccmm",447,0,3,4,0,0,0
"ldm",447,0,2,4,0,0,0
"hima",447,0,0,4,0,0,0
"microbvs",447,4,10,0,0.285714285714286,1,0.444444444444444
"medzim",447,0,4,4,0,0,0
"npem",447,0,0,4,0,0,0
"ccmm",448,1,3,3,0.25,0.25,0.25
"ldm",448,2,3,2,0.4,0.5,0.444444444444444
"hima",448,0,1,4,0,0,0
"microbvs",448,0,4,4,0,0,0
"medzim",448,0,0,4,0,0,0
"npem",448,0,0,4,0,0,0
"ccmm",449,1,3,3,0.25,0.25,0.25
"ldm",449,0,2,4,0,0,0
"hima",449,0,0,4,0,0,0
"microbvs",449,1,3,3,0.25,0.25,0.25
"medzim",449,0,0,4,0,0,0
"npem",449,3,0,1,1,0.75,0.857142857142857
"ccmm",450,0,1,4,0,0,0
"ldm",450,2,0,2,1,0.5,0.666666666666667
"microbvs",450,0,4,4,0,0,0
"medzim",450,0,9,4,0,0,0
"npem",450,0,0,4,0,0,0
"ccmm",451,0,2,4,0,0,0
"ldm",451,0,1,4,0,0,0
"hima",451,0,1,4,0,0,0
"microbvs",451,2,8,2,0.2,0.5,0.285714285714286
"medzim",451,0,0,4,0,0,0
"npem",451,0,0,4,0,0,0
"ccmm",452,0,3,4,0,0,0
"ldm",452,0,1,4,0,0,0
"hima",452,0,0,4,0,0,0
"microbvs",452,1,10,3,0.0909090909090909,0.25,0.133333333333333
"medzim",452,0,0,4,0,0,0
"npem",452,0,1,4,0,0,0
"ccmm",453,0,1,4,0,0,0
"ldm",453,0,2,4,0,0,0
"hima",453,0,0,4,0,0,0
"microbvs",453,0,4,4,0,0,0
"medzim",453,0,0,4,0,0,0
"npem",453,0,0,4,0,0,0
"ccmm",454,0,0,4,0,0,0
"ldm",454,0,1,4,0,0,0
"microbvs",454,2,9,2,0.181818181818182,0.5,0.266666666666667
"medzim",454,0,1,4,0,0,0
"npem",454,0,0,4,0,0,0
"ccmm",455,0,5,4,0,0,0
"ldm",455,0,2,4,0,0,0
"hima",455,0,1,4,0,0,0
"microbvs",455,2,8,2,0.2,0.5,0.285714285714286
"medzim",455,0,1,4,0,0,0
"npem",455,0,0,4,0,0,0
"ccmm",456,0,3,4,0,0,0
"ldm",456,0,3,4,0,0,0
"hima",456,0,1,4,0,0,0
"microbvs",456,4,10,0,0.285714285714286,1,0.444444444444444
"medzim",456,0,14,4,0,0,0
"npem",456,0,0,4,0,0,0
"ccmm",457,1,0,3,1,0.25,0.4
"ldm",457,1,1,3,0.5,0.25,0.333333333333333
"microbvs",457,0,4,4,0,0,0
"medzim",457,0,0,4,0,0,0
"npem",457,0,2,4,0,0,0
"ccmm",458,0,3,4,0,0,0
"ldm",458,0,1,4,0,0,0
"hima",458,0,0,4,0,0,0
"microbvs",458,2,14,2,0.125,0.5,0.2
"medzim",458,0,4,4,0,0,0
"npem",458,0,1,4,0,0,0
"ccmm",459,0,1,4,0,0,0
"ldm",459,0,3,4,0,0,0
"hima",459,0,0,4,0,0,0
"microbvs",459,1,3,3,0.25,0.25,0.25
"medzim",459,0,0,4,0,0,0
"npem",459,0,0,4,0,0,0
"ccmm",460,0,4,4,0,0,0
"ldm",460,0,1,4,0,0,0
"hima",460,0,1,4,0,0,0
"microbvs",460,1,5,3,0.166666666666667,0.25,0.2
"medzim",460,0,0,4,0,0,0
"npem",460,0,0,4,0,0,0
"ccmm",461,1,1,3,0.5,0.25,0.333333333333333
"ldm",461,0,1,4,0,0,0
"hima",461,0,0,4,0,0,0
"microbvs",461,0,4,4,0,0,0
"medzim",461,0,0,4,0,0,0
"npem",461,0,0,4,0,0,0
"ccmm",462,0,4,4,0,0,0
"ldm",462,2,0,2,1,0.5,0.666666666666667
"hima",462,0,0,4,0,0,0
"microbvs",462,1,9,3,0.1,0.25,0.142857142857143
"medzim",462,0,1,4,0,0,0
"npem",462,2,0,2,1,0.5,0.666666666666667
"ccmm",463,1,2,3,0.333333333333333,0.25,0.285714285714286
"ldm",463,0,2,4,0,0,0
"hima",463,0,0,4,0,0,0
"microbvs",463,2,8,2,0.2,0.5,0.285714285714286
"medzim",463,0,0,4,0,0,0
"npem",463,0,0,4,0,0,0
"ccmm",464,1,1,3,0.5,0.25,0.333333333333333
"ldm",464,0,2,4,0,0,0
"hima",464,0,0,4,0,0,0
"microbvs",464,1,7,3,0.125,0.25,0.166666666666667
"medzim",464,0,10,4,0,0,0
"npem",464,0,0,4,0,0,0
"ccmm",465,1,3,3,0.25,0.25,0.25
"ldm",465,0,1,4,0,0,0
"hima",465,0,0,4,0,0,0
"microbvs",465,1,3,3,0.25,0.25,0.25
"medzim",465,0,0,4,0,0,0
"npem",465,3,0,1,1,0.75,0.857142857142857
"ccmm",466,1,2,3,0.333333333333333,0.25,0.285714285714286
"ldm",466,0,3,4,0,0,0
"hima",466,0,1,4,0,0,0
"microbvs",466,3,9,1,0.25,0.75,0.375
"medzim",466,0,0,4,0,0,0
"npem",466,0,0,4,0,0,0
"ccmm",467,0,3,4,0,0,0
"ldm",467,0,2,4,0,0,0
"hima",467,0,1,4,0,0,0
"microbvs",467,0,4,4,0,0,0
"medzim",467,0,0,4,0,0,0
"npem",467,0,1,4,0,0,0
"ccmm",468,1,4,3,0.2,0.25,0.222222222222222
"ldm",468,0,1,4,0,0,0
"hima",468,0,1,4,0,0,0
"microbvs",468,2,8,2,0.2,0.5,0.285714285714286
"medzim",468,0,0,4,0,0,0
"npem",468,0,0,4,0,0,0
"ccmm",469,2,5,2,0.285714285714286,0.5,0.363636363636364
"ldm",469,2,0,2,1,0.5,0.666666666666667
"hima",469,0,0,4,0,0,0
"microbvs",469,2,2,2,0.5,0.5,0.5
"medzim",469,0,0,4,0,0,0
"npem",469,0,1,4,0,0,0
"ccmm",470,1,3,3,0.25,0.25,0.25
"ldm",470,0,2,4,0,0,0
"hima",470,0,0,4,0,0,0
"microbvs",470,2,11,2,0.153846153846154,0.5,0.235294117647059
"medzim",470,0,0,4,0,0,0
"npem",470,0,1,4,0,0,0
"ccmm",471,0,5,4,0,0,0
"ldm",471,0,1,4,0,0,0
"hima",471,0,2,4,0,0,0
"microbvs",471,2,12,2,0.142857142857143,0.5,0.222222222222222
"medzim",471,0,0,4,0,0,0
"npem",471,0,1,4,0,0,0
"ccmm",472,0,3,4,0,0,0
"ldm",472,0,1,4,0,0,0
"hima",472,0,0,4,0,0,0
"microbvs",472,4,14,0,0.222222222222222,1,0.363636363636364
"medzim",472,0,2,4,0,0,0
"npem",472,0,0,4,0,0,0
"ccmm",473,0,1,4,0,0,0
"ldm",473,1,4,3,0.2,0.25,0.222222222222222
"hima",473,0,0,4,0,0,0
"microbvs",473,2,4,2,0.333333333333333,0.5,0.4
"medzim",473,0,0,4,0,0,0
"npem",473,0,0,4,0,0,0
"ccmm",474,2,1,2,0.666666666666667,0.5,0.571428571428572
"ldm",474,0,1,4,0,0,0
"microbvs",474,2,4,2,0.333333333333333,0.5,0.4
"medzim",474,0,0,4,0,0,0
"npem",474,0,1,4,0,0,0
"ccmm",475,1,3,3,0.25,0.25,0.25
"ldm",475,0,4,4,0,0,0
"hima",475,1,0,3,1,0.25,0.4
"microbvs",475,2,10,2,0.166666666666667,0.5,0.25
"medzim",475,0,0,4,0,0,0
"npem",475,0,0,4,0,0,0
"ccmm",476,0,1,4,0,0,0
"ldm",476,0,1,4,0,0,0
"hima",476,0,0,4,0,0,0
"microbvs",476,1,4,3,0.2,0.25,0.222222222222222
"medzim",476,0,0,4,0,0,0
"npem",476,1,1,3,0.5,0.25,0.333333333333333
"ccmm",477,1,0,3,1,0.25,0.4
"ldm",477,0,1,4,0,0,0
"microbvs",477,0,4,4,0,0,0
"medzim",477,0,3,4,0,0,0
"npem",477,0,0,4,0,0,0
"ccmm",478,1,3,3,0.25,0.25,0.25
"ldm",478,0,1,4,0,0,0
"hima",478,1,0,3,1,0.25,0.4
"microbvs",478,3,8,1,0.272727272727273,0.75,0.4
"medzim",478,0,5,4,0,0,0
"npem",478,0,0,4,0,0,0
"ccmm",479,1,2,3,0.333333333333333,0.25,0.285714285714286
"ldm",479,0,1,4,0,0,0
"hima",479,0,0,4,0,0,0
"microbvs",479,2,2,2,0.5,0.5,0.5
"medzim",479,0,0,4,0,0,0
"npem",479,0,0,4,0,0,0
"ccmm",480,0,1,4,0,0,0
"ldm",480,1,3,3,0.25,0.25,0.25
"hima",480,0,0,4,0,0,0
"microbvs",480,2,9,2,0.181818181818182,0.5,0.266666666666667
"medzim",480,0,9,4,0,0,0
"npem",480,0,0,4,0,0,0
"ccmm",481,1,2,3,0.333333333333333,0.25,0.285714285714286
"ldm",481,1,0,3,1,0.25,0.4
"hima",481,1,0,3,1,0.25,0.4
"microbvs",481,1,7,3,0.125,0.25,0.166666666666667
"medzim",481,1,0,3,1,0.25,0.4
"npem",481,0,0,4,0,0,0
"ccmm",482,0,0,4,0,0,0
"ldm",482,0,1,4,0,0,0
"microbvs",482,1,3,3,0.25,0.25,0.25
"medzim",482,0,1,4,0,0,0
"npem",482,0,0,4,0,0,0
"ccmm",483,1,5,3,0.166666666666667,0.25,0.2
"ldm",483,0,1,4,0,0,0
"hima",483,0,0,4,0,0,0
"microbvs",483,0,4,4,0,0,0
"medzim",483,0,1,4,0,0,0
"npem",483,0,0,4,0,0,0
"ccmm",484,2,1,2,0.666666666666667,0.5,0.571428571428572
"ldm",484,0,2,4,0,0,0
"hima",484,0,0,4,0,0,0
"microbvs",484,1,3,3,0.25,0.25,0.25
"medzim",484,0,1,4,0,0,0
"npem",484,0,3,4,0,0,0
"ccmm",485,1,2,3,0.333333333333333,0.25,0.285714285714286
"ldm",485,0,3,4,0,0,0
"hima",485,0,0,4,0,0,0
"microbvs",485,3,12,1,0.2,0.75,0.315789473684211
"medzim",485,0,0,4,0,0,0
"npem",485,0,0,4,0,0,0
"ccmm",486,1,2,3,0.333333333333333,0.25,0.285714285714286
"ldm",486,1,5,3,0.166666666666667,0.25,0.2
"hima",486,0,0,4,0,0,0
"microbvs",486,2,2,2,0.5,0.5,0.5
"medzim",486,0,0,4,0,0,0
"npem",486,0,1,4,0,0,0
"ccmm",487,0,2,4,0,0,0
"ldm",487,0,2,4,0,0,0
"hima",487,0,1,4,0,0,0
"microbvs",487,0,4,4,0,0,0
"medzim",487,1,0,3,1,0.25,0.4
"npem",487,0,0,4,0,0,0
"ccmm",488,1,1,3,0.5,0.25,0.333333333333333
"ldm",488,0,3,4,0,0,0
"hima",488,0,1,4,0,0,0
"microbvs",488,0,4,4,0,0,0
"medzim",488,0,0,4,0,0,0
"npem",488,0,1,4,0,0,0
"ccmm",489,1,2,3,0.333333333333333,0.25,0.285714285714286
"ldm",489,0,0,4,0,0,0
"hima",489,0,0,4,0,0,0
"microbvs",489,0,4,4,0,0,0
"medzim",489,0,1,4,0,0,0
"npem",489,0,0,4,0,0,0
"ccmm",490,2,6,2,0.25,0.5,0.333333333333333
"ldm",490,3,0,1,1,0.75,0.857142857142857
"hima",490,0,1,4,0,0,0
"microbvs",490,1,12,3,0.0769230769230769,0.25,0.117647058823529
"medzim",490,3,2,1,0.6,0.75,0.666666666666667
"npem",490,1,0,3,1,0.25,0.4
"ccmm",491,1,1,3,0.5,0.25,0.333333333333333
"ldm",491,2,2,2,0.5,0.5,0.5
"hima",491,0,0,4,0,0,0
"microbvs",491,2,2,2,0.5,0.5,0.5
"medzim",491,1,1,3,0.5,0.25,0.333333333333333
"npem",491,0,0,4,0,0,0
"ccmm",492,0,1,4,0,0,0
"ldm",492,2,3,2,0.4,0.5,0.444444444444444
"hima",492,0,2,4,0,0,0
"microbvs",492,4,15,0,0.210526315789474,1,0.347826086956522
"medzim",492,0,14,4,0,0,0
"npem",492,0,0,4,0,0,0
"ccmm",493,1,4,3,0.2,0.25,0.222222222222222
"ldm",493,0,1,4,0,0,0
"hima",493,0,0,4,0,0,0
"microbvs",493,1,3,3,0.25,0.25,0.25
"medzim",493,0,2,4,0,0,0
"npem",493,0,0,4,0,0,0
"ccmm",494,0,3,4,0,0,0
"ldm",494,1,1,3,0.5,0.25,0.333333333333333
"hima",494,0,2,4,0,0,0
"microbvs",494,1,3,3,0.25,0.25,0.25
"medzim",494,0,0,4,0,0,0
"npem",494,0,1,4,0,0,0
"ccmm",495,1,3,3,0.25,0.25,0.25
"ldm",495,1,4,3,0.2,0.25,0.222222222222222
"hima",495,0,1,4,0,0,0
"microbvs",495,2,2,2,0.5,0.5,0.5
"medzim",495,0,1,4,0,0,0
"npem",495,0,0,4,0,0,0
"ccmm",496,1,0,3,1,0.25,0.4
"ldm",496,3,10,1,0.230769230769231,0.75,0.352941176470588
"hima",496,0,0,4,0,0,0
"microbvs",496,1,3,3,0.25,0.25,0.25
"medzim",496,1,14,3,0.0666666666666667,0.25,0.105263157894737
"npem",496,0,0,4,0,0,0
"ccmm",497,2,3,2,0.4,0.5,0.444444444444444
"ldm",497,0,3,4,0,0,0
"hima",497,0,1,4,0,0,0
"microbvs",497,2,9,2,0.181818181818182,0.5,0.266666666666667
"medzim",497,0,0,4,0,0,0
"npem",497,0,0,4,0,0,0
"ccmm",498,1,0,3,1,0.25,0.4
"ldm",498,1,1,3,0.5,0.25,0.333333333333333
"hima",498,0,0,4,0,0,0
"microbvs",498,3,7,1,0.3,0.75,0.428571428571428
"medzim",498,0,1,4,0,0,0
"npem",498,0,0,4,0,0,0
"ccmm",499,1,2,3,0.333333333333333,0.25,0.285714285714286
"ldm",499,0,4,4,0,0,0
"hima",499,0,1,4,0,0,0
"microbvs",499,2,2,2,0.5,0.5,0.5
"medzim",499,0,0,4,0,0,0
"npem",499,0,0,4,0,0,0
"ccmm",500,0,2,4,0,0,0
"ldm",500,1,6,3,0.142857142857143,0.25,0.181818181818182
"hima",500,0,0,4,0,0,0
"microbvs",500,1,3,3,0.25,0.25,0.25
"medzim",500,0,14,4,0,0,0
"npem",500,0,0,4,0,0,0
